mdrm,description
RCFD0010,CASH AND DUE FROM DEPOSITORIES (BANK U.S.+FOREIGN OFC)
RCFD0020,CASH ITEMS IN PROCESS OF COLLECTION AND UNPOSTED DEBITS (BANK U.S.+FOREIGN OFC)
RCFD0070,BALANCES WITH BKS IN FGN COUNTRIES (BANK U.S.+FOREIGN OFC)
RCFD0080,CURRENCY & COIN (U.S. & FOREIGN) (BANK U.S.+FOREIGN OFC)
RCFD0082,BALS DUE FROM DEPOSITORY INSTS IN US (BANK U.S.+FOREIGN OFC)
RCFD0090,BALANCES WITH FEDERAL RESERVE BANKS (BANK U.S.+FOREIGN OFC) (BANK U.S.+FOREIGN OFC)
RCFD0260,U.S. TREASURY SECURITIES (BANK U.S.+FOREIGN OFC)
RCFD0371,OBLIG OF OTH U.S. GOVT AGEN & CORPS (BANK U.S.+FOREIGN OFC)
RCFD1403,"TOTAL, NONACCRUAL (BANK U.S.+FOREIGN OFC)"
RCFD1404,Total (sum of items 1.a through 1.c and 2) Modified and in Compliance with Modified Terms
RCFD1406,"TOTAL, PAST DUE 30-89 DAYS, ACCRUING (BANK U.S.+FOREIGN OFC)"
RCFD1407,"TOTAL, PAST DUE 90 OR MORE, ACCRUING (BANK U.S.+FOREIGN OFC)"
RCFD1415,"LOANS MEASURED BY REAL ESTATE CONSTRUCTION,LAND DEVELOPMENT, OTHER LAND LOANS (BANK U.S.+FOREIGN OFC)"
RCFD1420,REAL ESTATE LOANS SECURED BY FARMLAND (BANK U.S.+FOREIGN OFC)
RCFD1421,"REAL ESTATE LOANS, PAST DUE 30-90 DAYS, ACCRUING, U.S. ADDRESSEES (DOMICILE) (BANK U.S.+FOREIGN OFC)"
RCFD1422,"REAL ESTATE LOANS, PAST DUE 90+ DAYS, ACCRUING, U.S. ADDRESSEES (DOMICILE) (FFIEC 002) (BANK U.S.+FOREIGN OFC)"
RCFD1423,"REAL ESTATE LOANS, NONACCRUAL, U.S. ADDRESSEES (DOMICILE) (FFIEC 002) (BANK U.S.+FOREIGN OFC)"
RCFD1424,Total loans to U.S. addressees (domicile): Loans secured by real estate modified and in Compliance with Modified Terms
RCFD1460,REAL ESTATE LOANS SECURED BY MULTI-FAMILY (5 OR MO RE) RESIDENTIAL PROPERTIES (BANK U.S.+FOREIGN OFC)
RCFD1480,NONFARM NONRESIDENTIAL PROPERTIES (BANK U.S.+FOREIGN OFC)
RCFD1520,LNS TO OTH FIN INST (1536 + 1537) (BANK U.S.+FOREIGN OFC)
RCFD1545,"Loans for purchasing or carrying securities, including margin loans"
RCFD1582,BOOK VALUE OF NONACCRUAL LOANS SOLD/TRANSFERRED TO HEAD OFFICE O R RELATED INSTITUTIONS (BANK U.S.+FOREIGN OFC) (BANK U.S.+FOREIGN OFC)
RCFD1606,"C&I LOANS, PAST DUE 30-89 DAYS, ACCRUING, TO U.S. ADDRESSEES (DO MICILE) (FFIEC002) (BANK U.S.+FOREIGN OFC) (BANK U.S.+FOREIGN OFC)"
RCFD1607,"C&I LOANS, PAST DUE 90+ DAYS, ACCRUING, TO U.S. ADDRESSEES (DOMICILE) (FFIEC 002) (BANK U.S.+FOREIGN OFC)"
RCFD1608,"C&I LOANS, NONACCRUAL, TO U.S. ADDRESSEES (DOMICILE) (FFIEC 002) (BANK U.S.+FOREIGN OFC) (BANK U.S.+FOREIGN OFC)"
RCFD1609,Total loans to U.S. addressees (domicile): Commercial and industrial loans Modified and in Compliance with Modified Terms
RCFD1623,"TOTAL LOANS TO NON-U.S. ADDRESSEES (DOMICILE), PAST DUE 30-89 DA YS, ACCRUING (FFIEC 002) (BANK U.S.+FOREIGN OFC) (BANK U.S.+FOREIGN OFC)"
RCFD1624,"TOTAL LOANS TO NON-U.S. ADDRESSEES (DOMICILE), PAST DUE 90+ DAYS , ACCRUING (FFIEC 002) (BANK U.S.+FOREIGN OFC) (BANK U.S.+FOREIGN OFC)"
RCFD1625,"TOTAL LOANS TO NON-U.S. ADDRESSEES (DOMICILE), NONACCRUAL (FFIEC 002) (BANK U.S.+FOREIGN OFC) (BANK U.S.+FOREIGN OFC)"
RCFD1627,Total loans to non-U.S. addressees (domicile) Modified and in Compliance with Modified Terms
RCFD1628,"BOOK VALUE OF LOANS PAST DUE 30-89 DAYS, ACCRUING, SOLD/TRANSFER RED TO HEAD OFFICE OR RELATED INSTITUTIONS (BANK U.S.+FOREIGN OF C) (BANK U.S.+FOREIGN OFC)"
RCFD1629,"BOOK VALUE OF LOANS PAST DUE 90+ DAYS, ACCRUING, SOLD/TRANSFERRE D TO HEAD OFFICE OR RELATED INSTITUTIONS (BANK U.S.+FOREIGN OFC) (BANK U.S.+FOREIGN OFC)"
RCFD1637,Book value of loans sold or otherwise transferred to head office or to related institutions and still serviced by the reporting branch or agency Modified and in Compliance with Modified Terms
RCFD1754,"TOTAL SECURITIES, H-T-M, AMORTIZED COST (BANK U.S. +FOREIGN OFC) (BANK U.S.+FOREIGN OFC)"
RCFD1763,"C&I LOANS, U.S. ADDRESSEES (BANK U.S.+FOREIGN OFC) (BANK U.S.+FOREIGN OFC)"
RCFD1764,"C&I LOANS, NON-U.S. ADDRESSEES (BANK U.S.+FOREIGN OFC)"
RCFD1771,"TOTAL SECURITIES, H-T-M, FAIR VALUE (BANK U.S.+FOREIGN OFC)"
RCFD1772,"TOTAL SECURITIES, A-F-S, AMORTIZED COST (BANK U.S.+FOREIGN OFC) (BANK U.S.+FOREIGN OFC)"
RCFD1773,"TOTAL SECURITIES, A-F-S, FAIR VALUE (BANK U.S.+FOREIGN OFC) (BANK U.S.+FOREIGN OFC)"
RCFD1797,"REVOLVING, OPEN-END LOANS SECURED BY 1-4 FAMILY RE SIDENTIAL PROPERTIES AND EXTENDED UNDER LINES OF C REDIT (BANK U.S.+FOREIGN OFC)"
RCFD1798,LOANS MEASURED BY REAL ESTATE CLOSE-END LOANS SECURED BY 1-4 RESIDENTIAL (BANK U.S.+FOREIGN OFC)
RCFD1885,ALL OTHER LOANS (BANK U.S.+FOREIGN OFC) (BANK U.S.+FOREIGN OFC)
RCFD2081,LNS TO FGN GOVTS & OFFICIAL INSTITUTIONS (BANK U.S. +FOREIGN OFC) (BANK U.S.+FOREIGN OFC)
RCFD2122,TOT LNS&LEASE HELD FOR INVESTMENT AND HELD FOR SALE (BANK U.S.+FOREIGN OFC) (BANK U.S.+FOREIGN OFC)
RCFD2123,UNEARNED INCOME ON LOANS (BANK U.S.+FOREIGN OFC) (BANK U.S.+FOREIGN OFC)
RCFD2151,OTHER ASSETS (BANK U.S.+FOREIGN OFC)
RCFD2154,NET DUE FROM HEAD OFF & OT REL INST (BANK U.S.+FOREIGN OFC)
RCFD2170,TOTAL ASSETS (BANK U.S.+FOREIGN OFC)
RCFD2171,CLAIMS ON NON-AFFILIATES (BANK U.S.+FOREIGN OFC) (BANK U.S.+FOREIGN OFC)
RCFD2182,LEASE FINCG RECS-U.S. ADDRESSEES (BANK U.S.+FOREIGN OFC)
RCFD2183,LEASE FINCG RECS-NON-US ADDRESSEES (BANK U.S.+FOREIGN OFC)
RCFD2205,TOTAL DEPOSITS & CREDIT BALANCES (BANK U.S.+FOREIGN OFC)
RCFD2334,AVERAGE LIABILITIES (BANK U.S.+FOREIGN OFC) (BANK U.S.+FOREIGN OFC)
RCFD2387,ELIGIBLE ASSETS (BANK U.S.+FOREIGN OFC) (BANK U.S.+FOREIGN OFC)
RCFD2785,PLEDGED U.S. GOVERNMENT SECURITIES (BANK U.S.+FOREIGN OFC)
RCFD2805,IMMED AVAIL FUNDS IN CALL REPT (BANK U.S.+FOREIGN OFC)
RCFD2869,OT LIAB FOR BORR MONEY OWED TO OTHER (BANK U.S.+FOREIGN OFC)
RCFD2916,OTHER LIABILITIES (TO NONRELATED PARTIES) (BANK U.S.+FOREIGN OFC)
RCFD2927,LIABILITIES TO NON-AFFILIATES (BANK U.S. +FOREIGN OFC) (BANK U.S.+FOREIGN OFC)
RCFD2944,NET DUE TO HEAD OFF AND OTHER RELATED INSTIT (BANK U.S.+FOREIGNOFC) (BANK U.S.+FOREIGN OFC)
RCFD2950,TOTAL LIABILITIES (BANK U.S.+FOREIGN OFC)
RCFD3105,AVERAGE OF LOANS TO BANKS IN FOREIGN COUNTRIES (BANK U.S.+FOREIGN OFC)
RCFD3106,QUARTERLY AVERAGE OF TOTAL CLAIMS ON NONRELATED PARTIES (BANK U.S.+FOREIGN OFC)
RCFD3107,AVERAGE OF INTEREST-BEARING DEPOSITS AND CREDIT BALANCES (BANK U.S.+FOREIGN OFC)
RCFD3183,ALL OTHE LOANS AND LEASES PD 30-89 DAYS (BANK U.S.+FOREIGN OFC)
RCFD3184,ALL OTHER LOANS (INCLUDING ALL LEASE FINANCING RECEIVABLES) - PA ST DUE 90 DAYS OR MORE AND STILL ACCRUING (BANK U.S.+FOREIGN OFC)
RCFD3185,ALL OTHER LOANS (INCLUDING ALL LEASE FINANCING RECEIVABLES) - NO NACCRUAL (BANK U.S.+FOREIGN OFC)
RCFD3186,Total loans to U.S. addressees (domicile): All other loans(including all lease financing receivables) Modified and in Compliance with Modified Terms
RCFD3190,OTHER BORROWED MONEY (BANK U.S.+FOREIGN OFC)
RCFD3312,OTHER BORROWED MONEY OWED TO U.S. OFFICES OF NONRELATED U.S. BAN KS (BANK U.S.+FOREIGN OFC)
RCFD3313,OTHER BORROWED MONEY OWED TO U.S. BRANCHES AND AGENCIES OF NONRE LATED FOREIGN BANKS (BANK U.S.+FOREIGN OFC)
RCFD3314,OTHER BORROWED MONEY OWED TO FOREIGN BRANCHES OF NONRELATED U.S. BANKS (BANK U.S.+FOREIGN OFC)
RCFD3315,OTHER BORROWED MONEY OWED TO FOREIGN OFFICES OF NONRELATED FOREI GN BANKS (BANK U.S.+FOREIGN OFC)
RCFD3343,ASSET MAINTENANCE REQUIREMENT (BANK U.S.+FOREIGN OFC)
RCFD3345,"QTLY AVG OF TC'S OF DEPS OF $100,000 (BANK U.S.+FOREIGN OFC)"
RCFD3349,ASSET PLEDGE REQUIREMENT (BANK U.S.+FOREIGN OFC)
RCFD3353,QTLY AVG OF FED FUNDS PCHD&SEC RP (BANK U.S.+FOREIGN OFC)
RCFD3355,QTLY AVG OF OTHER BORROWED MONEY (BANK U.S.+FOREIGN OFC)
RCFD3360,QTLY AVG OF TOTAL LOANS AND LEASES HELD FOR INVESTMENT AND HELD FOR SALE (BANK U.S.+FOREIGN OFC)
RCFD3365,QTLY AVG OF FED FUNDS SOLD&SEC RS (BANK U.S.+FOREIGN OFC)
RCFD3375,STANDBY LETTERS OF CREDIT OUTSTANDING (BANK U.S.+FOREIGN OFC) (BANK U.S.+FOREIGN OFC)
RCFD3376,"STANDBY LETTERS OF CRED, U.S. ADRES (BANK U.S.+FOREIGN OFC)"
RCFD3377,"STANDBY LETTERS OF CRED, NON-U.S.ADD (BANK U.S.+FOREIGN OFC)"
RCFD3378,"STANDBY LETTERS OF CRED, THRU PARTIC (BANK U.S.+FOREIGN OFC)"
RCFD3381,QUARTERLY AVERAGE OF INTEREST-BEARING BALANCES DUE FROM DEPOSITORY INSTITUTIONS (BANK U.S.+FOREIGN OFC) (BANK U.S.+FOREIGN OFC)
RCFD3411,COMMERCIAL LETTERS OF CREDIT (BANK U.S.+FOREIGN OFC)
RCFD3423,COMMITMENTS TO MAKE OR PURCHASE LNS (BANK U.S.+FOREIGN OFC)
RCFD3450,NOTIONAL VALUE OF INT RATE SWAPS (BANK U.S.+FOREIGN OFC)
RCFD3529,"INTEREST RATE, FGNX RATE, OTHER COMMODITY & EQUITY CONTRACTS, POSITIVE REPLACEMENT COST, PAST DUE 30-89 DAYS (BANK U.S.+FOREIGN OFC)"
RCFD3530,"INTEREST RATE, FGNX RATE, OTHER COMMODITY & EQUITY CONTRACTS, POSITIVE REPLACEMENT COST, PAST DUE 90+ DAYS (BANK U.S.+FOREIGN OFC)"
RCFD3536,TRADING ASSETS - ALL OTHER MORTGAGE-BACKED SECURITIES (BANK U.S.+FOREIGN OFC)
RCFD3543,DERIVATIVES WITH A POSITIVE FAIR VALUE (BANK U.S.+FOREIGN OFC)
RCFD3547,DERIVATIVES WITH A NEGATIVE FAIR VALUE (BANK U.S.+FOREIGN OFC)
RCFD3548,TRADING LIABILITES (BANK U.S.+FOREIGN OFC)
RCFD3826,NOTIONAL VALUE OF FGN EXCHG SWAPS (BANK U.S.+FOREIGN OFC)
RCFD4150,NUMBER OF FULL TIME EQUIVALENT EMPLOYEES ON PAYROLL AT END OF CU RRENT PERIOD (BANK U.S.+FOREIGN OFC)
RCFD5598,FIRST COMPONENT OF ALL OTHER OFF-BALANCE SHEET LIABILITIES GREAT ER THAN OR EQUAL TO 1PERCENT OF TOTAL CLAIMS ON NONRELATED PARTI ES (2171) (BANK U.S.+FOREIGN OFC)
RCFD5600,SECOND COMPONENT OF ALL OTHER OFF-BALANCE SHEET LIABILITIES GREA TER THAN OR EQUAL TO 1 PERCENT OF TOTAL CLAIMS ON NONRELATED PAR TIES (2171) (BANK U.S.+FOREIGN OFC)
RCFD5601,THIRD COMPONENT OF ALL OTHER OFF-BALANCE SHEET LIABILITIES GREAT ER THAN OR EQUAL TO 1PERCENT OF TOTAL CLAIMS ON NONRELATED PARTI ES (2171) (BANK U.S.+FOREIGN OFC)
RCFD5602,ALL OTHER OFF-BALANCE SHEET CONTINGENT LIABILITIES GREATER THAN OR EQUAL TO 1/2 PERCENT OF TOTAL CLAIMS ON NONRELATED PARTIES (2 171) (BANK U.S.+FOREIGN OFC)
RCFD5603,ALL OTHER OFF-BALANCE SHEET CONTINGENT CLAIMS (ASSETS)GREATER TH AN OR EQUAL TO 1/2 PERCENT OF TOTAL CLAIMS ON NONRELATED PARTIES (2171) (BANK U.S.+FOREIGN OFC)
RCFD5604,FIRST COMPONENT OF ALL OTHER OFF-BALANCE SHEET ASSETS GREATER TH AN OR EQUAL TO 1PERCENT OF TOTAL CLAIMS ON NONRELATED PARTIES (2 171) (BANK U.S.+FOREIGN OFC)
RCFD5605,SECOND COMPONENT OF ALL OTHER OFF-BALANCE SHEET ASSETS GREATER T HAN OR EQUAL TO 1 PERCENT OF TOTAL CLAIMS ON NONRELATED PARTIES (2171) (BANK U.S.+FOREIGN OFC)
RCFD5606,THIRD COMPONENT OF ALL OTHER OFF-BALANCE SHEET ASSETS GREATER TH AN OR EQUAL TO 1PERCENT OF TOTAL CLAIMS ON NONRELATED PARTIES (2 171) (BANK U.S.+FOREIGN OFC)
RCFD6119,COMMERCIAL AND INDUSTRIAL LOANS WITH REMAINING MATURITY OF ONE Y EAR OR LESS WITH PREDETERMINED INTEREST RATES (BANK U.S.+FOREIGN OFC)
RCFD6120,COMMERCIAL AND INDUSTRIAL LOANS WITH REMAINING MATURITY OF ONE Y EAR OR LESS WITH FLOATING INTEREST RATES (BANK U.S.+FOREIGN OFC)
RCFD6122,COMMERCIAL AND INDUSTRIAL LOANS WITH REMAINING MATURITY OF MORE THAN ONE YEAR WITH PREDETERMINED INTEREST RATES (BANK U.S.+FOREIGN OFC)
RCFD6123,COMMERCIAL AND INDUSTRIAL LOANS WITH REMAINING MATURITY OF MORE THAN ONE YEAR WITH FLOATING INTEREST RATES (BANK U.S.+FOREIGN OFC)
RCFD6724,AUDIT LEVEL INDICATOR (MARCH REPORT ONLY) (BANK U.S.+FOREIGN OFC)
RCFD8693,GROSS AMOUNT OF INTEREST RATE FUTURES CONTRACTS (BANK U.S.+FOREIGN OFC)
RCFD8694,FOREIGN EXCHANGE FUTURES CONTRACTS (BANK U.S.+FOREIGN OFC)
RCFD8695,GROSS AMOUNT OF EQUITY FUTURES CONTRACTS (BANK U.S.+FOREIGN OFC)
RCFD8696,COMMODITY AND OTHER FUTURES CONTRACTS (BANK U.S.+FOREIGN OFC)
RCFD8697,GROSS AMOUNT OF INTEREST RATE FORWARD CONTRACTS (BANK U.S.+FOREIGN OFC)
RCFD8698,FOREIGN EXCHANGE FORWARD CONTRACTS (BANK U.S.+FOREIGN OFC)
RCFD8699,GROSS AMOUNT OF EQUITY FORWARD CONTRACTS (BANK U.S.+FOREIGN OFC)
RCFD8700,COMMODITY AND OTHER FORWARD CONTRACTS (BANK U.S.+FOREIGN OFC)
RCFD8701,GROSS AMOUNT OF WRITTEN EXCHANGE-TRADED INTEREST RATE OPTION CONTRACTS (BANK U.S.+FOREIGN OFC)
RCFD8702,WRITTEN EXCHANGE-TRADED FOREIGN EXCHANGE OPTION CONTRACTS (BANK U.S.+FOREIGN OFC)
RCFD8703,GROSS AMOUNT OF WRITTEN EXCHANGE-TRADED EQUITY OPTION CONTRACTS (BANK U.S.+FOREIGN OFC)
RCFD8704,WRITTEN EXCHANGE-TRADED COMMODITY AND OTHER EXCHANGE-TRADED OPTI ON CONTRACTS (BANK U.S.+FOREIGN OFC)
RCFD8705,GROSS AMOUNT OF PURCHASED EXCHANGE-TRADED INTEREST RATE OPTION CONTRACTS (BANK U.S.+FOREIGN OFC)
RCFD8706,PURCHASED EXCHANGE-TRADED FOREIGN EXCHANGE OPTION CONTRACTS (BANK U.S.+FOREIGN OFC)
RCFD8707,GROSS AMOUNT OF PURCHASED EXCHANGE-TRADED EQUITY OPTION CONTRACTS (BANK U.S.+FOREIGN OFC)
RCFD8708,PURCHASED EXCHANGE-TRADED COMMODITY AND OTHER EXCHANGE-TRADED OP TION CONTRACTS (BANK U.S.+FOREIGN OFC)
RCFD8709,GROSS AMOUNT OF WRITTEN OTC INTEREST RATE OPTION CONTRACTS (BANK U.S.+FOREIGN OFC)
RCFD8710,WRITTEN OTC FOREIGN EXCHANGE OPTION CONTRACTS (BANK U.S.+FOREIGN OFC)
RCFD8711,GROSS AMOUNT OF WRITTEN OTC EQUITY OPTION CONTRACTS (BANK U.S.+FOREIGN OFC)
RCFD8712,WRITTEN OTC COMMODITY AND OTHER OTC OPTION CONTRACTS (BANK U.S.+FOREIGN OFC)
RCFD8713,GROSS AMOUNT OF PURCHASED OTC INTEREST RATE OPTION CONTRACTS (BANK U.S.+FOREIGN OFC)
RCFD8714,PURCHSD FGN EXCHG CONTRACTS-OTC (BANK U.S.+FOREIGN OFC)
RCFD8715,GROSS AMOUNT OF PURCHASED OTC EQUITY OPTION CONTRACTS (BANK U.S.+FOREIGN OFC)
RCFD8716,PURCHSD COMMODITY&OTHR CONTRACTS-OTC (BANK U.S.+FOREIGN OFC)
RCFD8719,EQUITY DERIVATIVE SWAPS (BANK U.S.+FOREIGN OFC)
RCFD8720,COMMODITY AND OTHER SWAPS (BANK U.S.+FOREIGN OFC)
RCFD8723,GROSS AMOUNT OF EQUITY SWAPS (BANK U.S.+FOREIGN OFC) (BANK U.S.+FOREIGN OFC)
RCFD8724,GROSS AMOUNT OF COMMODITY & OTHER CONTRACTS HELD FOR TRADING (BANK U.S.+FOREIGN OFC)
RCFD8725,"GROSS AMOUNT OF INTEREST RATE CONTRACTS NOT HELD FOR TRADING, MA RKED TO MARKET (BANK U.S.+FOREIGN OFC) (BANK U.S.+FOREIGN OFC)"
RCFD8726,"GROSS AMOUNT OF FOREIGN EXCHANGE CONTRACTS NOT HELD FOR TRADING, MARKED TO MARKET (BANK U.S.+FOREIGN OFC)"
RCFD8727,"GROSS AMOUNT OF FOREIGN EXCHANGE CONTRACTS NOT HELD FOR TRADING, NOT MARKED TO MARKET (BANK U.S.+FOREIGN OFC) (BANK U.S.+FOREIGN OFC)"
RCFD8728,"GROSS AMOUNT OF COMMODITY & OTHER CONTRACTS NOT HELD FOR TRADING, MARKED TO MARKET (BANK U.S.+FOREIGN OFC)"
RCFD8733,GROSS POSITIVE FAIR VALUE OF INTEREST RATE DERIVATIVE CONTRACTS HELD FOR TRADING (BANK U.S.+FOREIGN OFC)
RCFD8734,GROSS POSITIVE FAIR VALUE OF FOREIGN EXCHANGE CONTRACTS HELD FOR TRADING (FFIEC 031-033) (BANK U.S.+FOREIGN OFC)
RCFD8735,GROSS POSITIVE FAIR VALUE OF EQUITY DERIVATIVE CONTRACTS HELD FO R TRADING (BANK U.S.+FOREIGN OFC)
RCFD8736,GROSS POSITIVE FAIR VALUE OF COMMODITY & OTHER CONTRACTS HELD FOR TRADING (FFIEC 031-033) (BANK U.S.+FOREIGN OFC)
RCFD8737,GROSS NEGATIVE FAIR VALUE OF INTEREST RATE DERIVATIVE CONTRACTS HELD FOR TRADING (BANK U.S.+FOREIGN OFC)
RCFD8738,GROSS NEGATIVE FAIR VALUE OF FOREIGN EXCHANGE CONTRACTS HELD FOR TRADING (FFIEC 031-033) (BANK U.S.+FOREIGN OFC)
RCFD8739,GROSS NEGATIVE FAIR VALUE OF EQUITY DERIVATIVE CONTRACTS HELD FO R TRADING (BANK U.S.+FOREIGN OFC)
RCFD8740,GROSS NEGATIVE FAIR VALUE OF COMMODITY & OTHER CONTRACTS HELD FOR TRADING (FFIEC 031-033) (BANK U.S.+FOREIGN OFC)
RCFD8741,TOTL INT RATE CONTRCS-MKD TO MARKET (BANK U.S.+FOREIGN OFC)
RCFD8742,"GROSS POSITIVE FAIR VALUE OF FOREIGN EXCHANGE CONTRACTS NOT HELD FOR TRADING, MARKED TO MARKET (FFIEC 031-033) (BANK U.S.+FOREIGN OFC)"
RCFD8743,TOTL EQTY DEV CONTRCS-MKD TO MARKET (BANK U.S.+FOREIGN OFC)
RCFD8744,"GROSS POSITIVE FAIR VALUE OF COMMODITY & OTHER CONTRACTS NOT HELD FOR TRADING, MARKED TO MARKET (FFIEC 031-033) (BANK U.S.+FOREIGN OFC)"
RCFD8745,GROSS NEGATIVE FAIR VALUE OF INTEREST RATE DERIVATIVE CONTRACTS HELD FOR PURPOSES OTHER THAN TRADING THAT ARE MARKED TO MARKET (BANK U.S.+FOREIGN OFC)
RCFD8746,"GROSS NEGATIVE FAIR VALUE OF FOREIGN EXCHANGE CONTRACTS NOT HELD FOR TRADING, MARKED TO MARKET (FFIEC 031-033) (BANK U.S.+FOREIGN OFC)"
RCFD8747,GROSS NEGATIVE FAIR VALUE OF EQUITY DERIVATIVE CONTRACTS HELD FO R PURPOSES OTHER THAN TRADING THAT ARE MARKED TO MARKET (BANK U.S.+FOREIGN OFC)
RCFD8748,"GROSS NEGATIVE FAIR VALUE OF COMMODITY & OTHER CONTRACTS NOT HELD FOR TRADING, MARKED TO MARKET (FFIEC 031-033) (BANK U.S.+FOREIGN OFC)"
RCFD8765,SPOT FOREIGN EXCHANGE CONTRACTS (BANK U.S.+FOREIGN OFC)
RCFD8782,"STRUCTURED NOTES, H-T-M AND A-F-S, AMORTIZED COST (BANK U.S.+FOREIGN OFC)"
RCFD8783,FAIR VALUE OF STRUCTURED NOTES (BANK U.S.+FOREIGN OFC)
RCFDA003,SECURITIES OF FOREIGN GOVERNMENTS AND OFFICIAL INSTITUTIONS (BANK U.S.+FOREIGN OFC)
RCFDA126,GROSS AMOUNT OF INTEREST RATE CONTRACTS HELD FOR TRADING (BANK U.S.+FOREIGN OFC)
RCFDA127,TOTAL GROSS NOTIONAL AMOUNT OF FOREIGN EXCHANGE DERIVATIVE CONTR ACTS HELD FOR TRADING (BANK U.S.+FOREIGN OFC)
RCFDA345,DOES INSTITUTION HAVE FIDUCIARY POWERS? (BANK U.S.+FOREIGN OFC)
RCFDA346,FIDUCIARY POWERS GRANTED AND EXERCISED BUT NO DOLLAR VALUES TO R EPORT (BANK U.S.+FOREIGN OFC)
RCFDA539,FIRST ITEMIZED AMOUNT THAT EXCEEDS 25% OF ITEM 2151 (BANK U.S.+FOREIGN OFC)
RCFDA540,SECOND ITEMIZED AMOUNT THAT EXCEEDS 25% OF ITEM 2151 (BANK U.S.+FOREIGN OFC)
RCFDA541,THIRD ITEMIZED AMOUNT THAT EXCEEDS 25% OF ITEM 2151 (BANK U.S.+FOREIGN OFC)
RCFDA542,FIRST ITEMIZED AMOUNT THAT EXCEEDS 25% OF ITEM 2916 (BANK U.S.+FOREIGN OFC)
RCFDA543,SECOND ITEMIZED AMOUNT THAT EXCEEDS 25% OF ITEM 2916 (BANK U.S.+FOREIGN OFC)
RCFDA544,THIRD ITEMIZED AMOUNT THAT EXCEEDS 25% OF ITEM 2916 (BANK U.S.+FOREIGN OFC)
RCFDB532,LOANS TO U.S. BRANCHES AND AGENCIES OF FOREIGN BANKS (BANK U.S.+FOREIGN OFC)
RCFDB533,LOANS TO DEPOSITORY INSTITUTIONS AND ACCEPTANCES OF OTHER BANKS: TO OTHER COMMERCIAL BANKS IN THE US (BANK U.S.+FOREIGN OFC)
RCFDB534,LOANS TO OTHER DEPOSITORY INSTITUTIONS IN THE U.S. (BANK U.S.+FOREIGN OFC)
RCFDB536,LOANS TO FOREIGN BRANCHES OF OTHER U.S. BANKS (BANK U.S.+FOREIGN OFC)
RCFDB537,LOANS TO DEPOSITORY INSTITUTIONS AND ACCEPTANCES OF OTHER BANKS: TO OTHER BANKS IN FOREIGN COUNTRIES (BANK U.S.+FOREIGN OFC)
RCFDB570,ASSETS UNDR THE RPRTNG BK'S MANGEMNT (BANK U.S.+FOREIGN OFC)
RCFDB705,OUTSTANDING PRINCIPLE BAL. OF ASSETS SOLD & SECURITIZED WITH SERVICING RETAINED OR WITH RECOURSE OR OTHER SELLER PROVIDED CREDIT ENHANCEMENTS: 1 - 4 FAM RES LNS (BANK U.S.+FOREIGN OFC)
RCFDB706,OUTSTANDING PRINCIPAL BALANCE OF ASSETS SOLD AND SECURITIZED WIT H RECOURSE - HOME EQUITY LINES (BANK U.S.+FOREIGN OFC)
RCFDB707,OUTSTANDING PRINCIPLE BAL. OF ASSETS SOLD & SECURITIZED WITH SERVICING RETAINED OR WITH RECOURSE OR OTHER SELLER PROVIDED CREDIT ENHANCEMENTS: CREDIT CARD RECEIVABLES (BANK U.S.+FOREIGN OFC)
RCFDB708,OUTSTANDING PRINCIPAL BALANCE OF ASSETS SOLD AND SECURITIZED WIT H RECOURSE OR OTHER SELLER-PROVIDED CREDIT ENHANCEMENTS - AUTO L OANS (BANK U.S.+FOREIGN OFC)
RCFDB709,OUTSTANDING PRINCIPLE BAL. OF ASSETS SOLD & SECURITIZED WITH SERVICING RETAINED OR WITH RECOURSE OR OTHER SELLER PROVIDED CREDIT ENHANCEMENTS: OTHER CONSUMER LOANS (BANK U.S.+FOREIGN OFC)
RCFDB710,OUTSTANDING PRINCIPAL BALANCE OF ASSETS SOLD AND SECURITIZED WIT H RECOURSE - COMMERCIAL AND INDUSTRIAL LOANS (BANK U.S.+FOREIGN OFC)
RCFDB711,OUTSTANDING PRINCIPLE BAL. OF ASSETS SOLD & SECURITIZED WITH SERVICING RETAINED OR WITH RECOURSE OR OTHER SELLER PROVIDED CREDIT ENHANCEMENTS: ALL OTHER LNS AND ALL LEASES (BK U.S.+FRGN OFC)
RCFDB726,REPORTING BANK'S UNUSED COMMITMENTS TO PROVIDE LIQUIDITY TO STRU CTURES REPORTED IN ITEM 1 - 1-4 FAMILY RESIDENTIAL LOANS (BANK U.S.+FOREIGN OFC)
RCFDB727,"REPORTING BANK'S UNUSED COMMITMENTS TO PROVIDE LIQUIDITY T0 STRUCTURES, HOME EQUITY LINES (BANK U.S.+FOREIGN OFC)"
RCFDB728,REPORTING BANK'S UNUSED COMMITMENTS TO PROVIDE LIQUIDITY TO STRU CTURES REPORTED IN ITEM 1 - CREDIT CARD RECEIVABLES (BANK U.S.+FOREIGN OFC)
RCFDB729,"REPORTING BANK'S UNUSED COMMITMENTS TO PROVIDE LIQUIDITY T0 STRUCTURES, AUTO LOANS (BANK U.S.+FOREIGN OFC)"
RCFDB730,REPORTING BANK'S UNUSED COMMITMENTS TO PROVIDE LIQUIDITY TO STRU CTURES REPORTED IN ITEM 1 - OTHER CONSUMER LOANS (BANK U.S.+FOREIGN OFC)
RCFDB731,"REPORTING BANK'S UNUSED COMMITMENTS TO PROVIDE LIQUIDITY T0 STRUCTURES, COMMERCIAL & INDUSTRIAL LOANS (BANK U.S.+FOREIGN OFC)"
RCFDB732,REPORTING BANK'S UNUSED COMMITMENTS TO PROVIDE LIQUIDITY TO STRU CTURES REPORTED IN ITEM 1 - ALL OTHER LOANS (BANK U.S.+FOREIGN OFC)
RCFDB733,PAST DUE LOAN AMOUNTS: 30-89 DAYS PAST DUE 1 - 4 FAMILY RESIDENTIAL LOANS (BANK U.S.+FOREIGN OFC)
RCFDB734,PAST DUE LOAN AMOUNTS INCLUDED IN ITEM 1: 30-89 DAYS - HOME EQUI TY LINES (BANK U.S.+FOREIGN OFC)
RCFDB735,PAST DUE LOAN AMOUNTS: 30-89 DAYS PAST DUE CREDIT CARD RECEIVABLES (BANK U.S.+FOREIGN OFC)
RCFDB736,AST DUE LOAN AMOUNTS INCLUDED IN ITEM 1: 30-89 DAYS AUTO LOANS (BANK U.S.+FOREIGN OFC)
RCFDB737,PAST DUE LOAN AMOUNTS: 30-89 DAYS PAST DUE OTHER CONSUMER LOANS (BANK U.S.+FOREIGN OFC)
RCFDB738,PAST DUE LOAN AMOUNTS INCLUDED IN ITEM 1: 30-89 DAYS COMMERCIAL & INDUSTRIAL LOANS (BANK U.S.+FOREIGN OFC)
RCFDB739,PAST DUE LOAN AMOUNTS: 30-89 DAYS PAST DUE ALL OTHER LOANS AND ALL LEASES (BANK U.S.+FOREIGN OFC)
RCFDB740,PAST DUE LOAN AMOUNTS INCLUDED IN ITEM 1: 90 DAYS OR MORE 1-4 FA MILY RESIDENTIAL LOANS (BANK U.S.+FOREIGN OFC)
RCFDB741,PAST DUE LOAN AMOUNTS: 90 DAYS OR MORE PAST DUE HOME EQUITY LINES (BANK U.S.+FOREIGN OFC)
RCFDB742,PAST DUE LOAN AMOUNTS INCLUDED IN ITEM 1: 90 DAYS OR MORE CREDIT CARD RECEIVABLES (BANK U.S.+FOREIGN OFC)
RCFDB743,PAST DUE LOAN AMOUNTS: 90 DAYS OR MORE PAST DUE AUTO LOANS (BANK U.S.+FOREIGN OFC)
RCFDB744,PAST DUE LOAN AMOUNTS INCLUDED IN ITEM 1: 90 DAYS OR MORE OTHER CONSUMER LOANS (BANK U.S.+FOREIGN OFC)
RCFDB745,PAST DUE LOAN AMOUNTS: 9O DAYS OR MORE PAST DUE COMMERCIAL & INDUSTRIAL LOANS (BANK U.S.+FOREIGN OFC)
RCFDB746,PAST DUE LOAN AMOUNTS INCLUDED IN ITEM 1: 90 DAYS OR MORE ALL OT HER LOANS (BANK U.S.+FOREIGN OFC)
RCFDB776,MAXIMUM AMOUNT OF CREDIT EXPOSURE ARISING FROM CREDIT ENHANCEMEN TS : 1-4 FAMILY RESIDENTIAL LOANS (BANK U.S.+FOREIGN OFC)
RCFDB779,"MAX CREDIT EXPOSURE ARISING FROM CREDIT ENHANCEMENTS PROVIDED BY REPORTING BANK TO OTH INST SECURITIZATION STRUCTURES AS STANDBY LOC, PURCH SUBORDN SECURITIES AND OTH ENHANCEMENTS, AUTO LNS"
RCFDB780,MAXIMUM AMOUNT OF CREDIT EXPOSURE ARISING FROM CREDIT ENHANCEMEN TS : OTHER CONSUMER LOANS (BANK U.S.+FOREIGN OFC)
RCFDB781,"MAX CREDIT EXPOSURE ARISING FROM CREDIT ENHANCEMENTS PROVIDED BY REPORTING BANK TO OTH INST SECURITIZATION STRUCTURES AS STANDBY LOC, PURCH SUBORDN SECURITIES AND OTHER, C & I LOANS"
RCFDB782,MAXIMUM AMOUNT OF CREDIT EXPOSURES ARISING FROM CREDIT ENHANCEME NTS : ALL OTHER LOANS (BANK U.S.+FOREIGN OFC)
RCFDB783,REPORTING BANK'S UNUSED COMMITMENTS TO PROVIDE LIQUIDITY TO OTHER INSTITUTIONS' SECURITIZATION STRUCTURES 1 - 4 FAMILY RESIDENTIAL LOANS (BANK U.S.+FOREIGN OFC)
RCFDB786,REPORTING BANK'S UNUSED COMMITMENTS TO PROVIDE LIQUIDITY TO OTHE R INSTITUTIONS' SECURITIZATION STRUCTURES - AUTO LOANS (BANK U.S.+FOREIGN OFC)
RCFDB787,REPORTING BANK'S UNUSED COMMITMENTS TO PROVIDE LIQUIDITY TO OTHER INSTITUTIONS' SECURITIZATION STRUCTURES OTHER CONSUMER LOANS (BANK U.S.+FOREIGN OFC)
RCFDB788,REPORTING BANK'S UNUSED COMMITMENTS TO PROVIDE LIQUIDITY TO OTHE R INSTITUTIONS' SECURITIZATION STRUCTURES - COMMERCIAL AND INDUS TRIAL LOANS (BANK U.S.+FOREIGN OFC)
RCFDB789,REPORTING BANK'S UNUSED COMMITMENTS TO PROVIDE LIQUIDITY TO OTHER INSTITUTIONS' SECURITIZATION STRUCTURES ALL OTHER LOANS AND ALL LEASES (BANK U.S.+FOREIGN OFC)
RCFDB790,ASSETS SOLD WITH RECOURSE OR OTHER SELLER-PROVIDED CREDIT ENHANC EMENTS AND NOT SECURITIZED - 1-4 FAMILY RESIDENTIAL LOANS (BANK U.S.+FOREIGN OFC)
RCFDB796,ASSETS SOLD WITH RECOURSE OR OTHER SELLER-PROVIDED CREDIT ENHANC EMENTS AND NOT SECURITIZED - ALL OTHER LOANS (BANK U.S.+FOREIGN OFC)
RCFDB797,"MAX CREDIT EXPOSURE ARISING FROM RECOURSE OR OTHER SELLER PROVIDED CREDIT ENHANCEMENTS PROVIDED TO BANK ASSET SALES, 1 - 4 FAMILY RESIDENTIAL LOANS (BANK U.S.+FOREIGN OFC)"
RCFDB803,"MAX CREDIT EXPOSURE ARISING FROM RECOURSE OR OTHER SELLER PROVIDED CREDIT ENHANCEMENTS PROVIDED TO BANK ASSET SALES, ALL OTHER LOANS AND ALL LEASES (BANK U.S.+FOREIGN OFC)"
RCFDB806,MAXIMUM AMOUNT OF CREDIT EXPOSURE ARISING FROM CREDIT ENHANCEMEN TS PROVIDED TO RELATED CONDUIT STRUCTURES (BANK U.S.+FOREIGN OFC)
RCFDB807,"MAX AMT CREDIT EXPOS FROM CREDIT ENHANCEMENT PROVIDED BY CONDUIT STRUCT AS STANDBY LOC, SUBORD SECURITIES AND OTHER: ASSET-BACKED COMM PAPER CONDUITS SPONSORED BY OTHER UNREL INSTITUTIONS"
RCFDB808,UNUSED COMMITMENTS TO PROVIDE LIQUIDITY TO RELATED CONDUIT STRUC TURES (BANK U.S.+FOREIGN OFC)
RCFDB809,UNUSED COMMITMENTS TO PROVIDE LIQUIDITY TO CONDUIT STRUCTURES: ASSET-BACKED COMM PAPER CONDUITS SPONSORED BY OTHER UNRELATED INSTITUTIONS (BANK U.S.+FOREIGN OFC)
RCFDB867,DOES THE BANK HAVE ANY FIDUCIARY OR RELATED ACTIVITY (IN THE FOR M OF ASSETS OR ACCOUNTS) TO REPORT IN THIS SCHEDULE? (BANK U.S.+FOREIGN OFC)
RCFDB868,PERSONAL TRUST AND AGENCY ACCOUNTS - MANAGED ASSETS (BANK U.S.+FOREIGN OFC)
RCFDB869,PERSONAL TRUST AND AGENCY ACCOUNTS - NON-MANAGED (BANK U.S.+FOREIGN OFC)
RCFDB870,PERSONAL TRUST AND AGENCY ACCOUNTS - NUMBER OF MANAGED ACCOUNTS (BANK U.S.+FOREIGN OFC)
RCFDB871,PERSONAL TRUST AND AGENCY ACCOUNTS - NUMBER OF NON-MANAGED ACCOU NTS (BANK U.S.+FOREIGN OFC)
RCFDB872,EMPLOYEE BENEFIT-DEFINED CONTRIBUTION - MANAGED ASSETS (BANK U.S.+FOREIGN OFC)
RCFDB873,EMPLOYEE BENEFIT-DEFINED CONTRIBUTION - NON-MANAGED ASSETS (BANK U.S.+FOREIGN OFC)
RCFDB874,EMPLOYEE BENEFIT-DEFINED CONTRIBUTION - NUMBER OF MANAGED ACCOUN TS (BANK U.S.+FOREIGN OFC)
RCFDB875,EMPLOYEE BENEFIT-DEFINED CONTRIBUTION - NUMBER OF NON-MANAGED AC COUNTS (BANK U.S.+FOREIGN OFC)
RCFDB876,EMPLOYEE BENEFIT-DEFINED BENEFIT - MANAGED ASSETS (BANK U.S.+FOREIGN OFC)
RCFDB877,EMPLOYEE BENEFIT-DEFINED BENEFIT - NON-MANAGED ASSSETS (BANK U.S.+FOREIGN OFC)
RCFDB878,EMPLOYEE BENEFIT-DEFINED BENEFIT - NUMBER OF MANAGED ACCOUNTS (BANK U.S.+FOREIGN OFC)
RCFDB879,EMPLOYEE BENEFIT-DEFINED BENEFIT - NUMBER OF NON-MANAGED ACCOUNT S (BANK U.S.+FOREIGN OFC)
RCFDB880,OTHER RETIREMENT ACCOUNTS - MANAGED ASSETS (BANK U.S.+FOREIGN OFC)
RCFDB881,OTHER RETIREMENT ACCOUNTS - NON-MANAGED ASSETS (BANK U.S.+FOREIGN OFC)
RCFDB882,OTHER RETIREMENT ACCOUNTS - NUMBER OF MANAGED ACCOUNTS (BANK U.S.+FOREIGN OFC)
RCFDB883,OTHER RETIREMENT ACCOUNTS - NUMBER OF NON-MANAGED ACCOUNTS (BANK U.S.+FOREIGN OFC)
RCFDB884,CORPORATE TRUST AND AGENCY ACCOUNTS - MANAGED ASSETS (BANK U.S.+FOREIGN OFC)
RCFDB885,CORPORATE TRUST AND AGENCY ACCOUNTS - NON-MANAGED ASSETS (BANK U.S.+FOREIGN OFC)
RCFDB886,INVESTMENT MANAGEMENT AGENCYACCOUNTS - MANAGED ASSETS (BANK U.S.+FOREIGN OFC)
RCFDB888,INVESTMENT MANAGEMENT AGENCY ACCOUNTS - NUMBER OF MANAGED ACCOUN TS (BANK U.S.+FOREIGN OFC)
RCFDB890,OTHER FIDUCIARY ACCOUNTS - MANAGED ASSETS (BANK U.S.+FOREIGN OFC)
RCFDB891,OTHER FIDUCIARY ACCOUNTS - NON-MANAGED ASSETS (BANK U.S.+FOREIGN OFC)
RCFDB892,OTHER FIDUCIARY ACCOUNTS - NUMBER OFMANAGED ACCOUNTS (BANK U.S.+FOREIGN OFC)
RCFDB893,OTHER FIDUCIARY ACCOUNTS - NUMBER OFNON-MANAGED ACCOUNTS (BANK U.S.+FOREIGN OFC)
RCFDB894,TOTAL FIDUCIARY ACCOUNTS - MANAGED ASSETS (BANK U.S.+FOREIGN OFC)
RCFDB895,TOTAL FIDUCIARY ACCOUNTS - NON-MANAGED ASSETS (BANK U.S.+FOREIGN OFC)
RCFDB896,TOTAL FIDUCIARY ACCOUNTS -NON-MANAGED ASSETS (BANK U.S.+FOREIGN OFC)
RCFDB897,TOTAL FIDUCIARY ACCOUNTS - NON-MANAGED ACCOUNTS (BANK U.S.+FOREIGN OFC)
RCFDB898,CUSTODY AND SAFEKEEPING ACCOUNTS -NON-MANAGED ASSETS (BANK U.S.+FOREIGN OFC)
RCFDB899,CUSTODY AND SAFEKEEPING ACCOUNTS - NUMBER OF NON-MANAGED ACCOUNT S (BANK U.S.+FOREIGN OFC)
RCFDB913,NON-INTEREST BEARING DEPOSITS (BANK U.S.+FOREIGN OFC)
RCFDB914,INTEREST-BEARING DEPOSITS (BANK U.S.+FOREIGN OFC)
RCFDB915,U.S. TREASURY AND U.S. GOVERNMENT AGENCY OBLIGATIONS (BANK U.S.+FOREIGN OFC)
RCFDB916,"STATE, COUNTY AND MUNICIPAL OBLIGATIONS (BANK U.S.+FOREIGN OFC)"
RCFDB917,MONEY MARKET MUTUAL FUNDS (BANK U.S.+FOREIGN OFC)
RCFDB918,OTHER SHORT-TERM OBLIGATIONS (BANK U.S.+FOREIGN OFC)
RCFDB919,OTHER NOTES AND BONDS (BANK U.S.+FOREIGN OFC)
RCFDB920,COMMON AND PREFERRED STOCKS (BANK U.S.+FOREIGN OFC)
RCFDB921,REAL ESTATE MORTGAGES (BANK U.S.+FOREIGN OFC)
RCFDB922,REAL ESTATE MORTGAGES (BANK U.S.+FOREIGN OFC)
RCFDB923,MISCELLANEOUS ASSETS (BANK U.S.+FOREIGN OFC)
RCFDB927,CORPORATE AND MUNICIPAL TRUSTEESHIPS - NUMBER OF ISSUES (BANK U.S.+FOREIGN OFC)
RCFDB928,CORPORATE AND MUNICIPAL TRUSTEESHIP - PRINCIPAL AMOUNT OUTSTANDI NG (BANK U.S.+FOREIGN OFC)
RCFDB929,"TRANSFER AGENT, REGISTRAR, PAYING AGENT, AND OTHER CORPORATE AGE NCY - NUMBER OF ISSUES (BANK U.S.+FOREIGN OFC)"
RCFDB931,DOMESTIC EQUITY - NUMBER OF FUNDS (BANK U.S.+FOREIGN OFC)
RCFDB932,DOMESTIC EQUITY - MARKET VALUE OF FUNDS ASSETS (BANK U.S.+FOREIGN OFC)
RCFDB933,INTERNATIONAL/GLOBAL EQUITY - NUMBER OF FUNDS (BANK U.S.+FOREIGN OFC)
RCFDB934,INTERNATIONAL/GLOBAL EQUITY - MARKET VALUE OF FUND ASSETS (BANK U.S.+FOREIGN OFC)
RCFDB935,STOCK/BOND BLEND - NUMBER OF FUNDS (BANK U.S.+FOREIGN OFC)
RCFDB936,STOCK/BOND BLEND - MARKET VALUE OF FUND ASSETS (BANK U.S.+FOREIGN OFC)
RCFDB937,TAXABLE BOND - NUMBER OF FUNDS (BANK U.S.+FOREIGN OFC)
RCFDB938,TAXABLE BOND - MARKET VALUE OF FUND ASSETS (BANK U.S.+FOREIGN OFC)
RCFDB939,MUNICIPAL BOND - NUMBER OF FUNDS (BANK U.S.+FOREIGN OFC)
RCFDB940,MUNICIPAL BOND - MARKET VALUE OF FUND ASSETS (BANK U.S.+FOREIGN OFC)
RCFDB941,SHORT TERM INVESTMENTS/MONEY MARKET - NUMBER OF FUNDS (BANK U.S.+FOREIGN OFC)
RCFDB942,SHORT TERM INVESTMENTS/MONEY MARKET - MARKET VALUE OF FUND ASSET S (BANK U.S.+FOREIGN OFC)
RCFDB943,SPECIALTY/OTHER - NUMBER OF FUNDS (BANK U.S.+FOREIGN OFC)
RCFDB944,SPECIALTY/OTHER - MARKET VALUE OF FUND ASSETS (BANK U.S.+FOREIGN OFC)
RCFDB945,TOTAL COLLECTIVE INVESTMENT FUNDS -NUMBER OF FUNDS (BANK U.S.+FOREIGN OFC)
RCFDB946,TOTAL COLLECTIVE INVESTMENT FUNDS -MARKET VALUE OF FUND ASSETS (BANK U.S.+FOREIGN OFC)
RCFDC001,"FIDUCIARY AND RELATED ASSETS: CORPORATE TRUST AND AGENCY ACCOUNT S, NUMBER OF MANAGED ACCOUNTS (BANK U.S.+FOREIGN OFC) (BANK U.S.+FOREIGN OFC)"
RCFDC002,"FIDUCIARY AND RELATED ASSETS: CORPORATE TRUST AND AGENCY ACCOUNT S, NUMBER OF NON-MANAGED ACCOUNTS (BANK U.S.+FOREIGN OFC) (BANK U.S.+FOREIGN OFC)"
RCFDC036,OTHER ASSET-BACKED SECURITIES (BANK U.S.+FOREIGN OFC)
RCFDC037,"OTHER BONDS, NOTES, DEBENTURES, AND CORPORATE STOCK (INCLUDING S TATE AND LOCAL SECURITIES): ALL OTHER (BANK U.S.+FOREIGN OFC)"
RCFDC219,NOTIONAL AMOUNT OF CREDIT DERIVATIVES ON WHICH THE REPORTING BANK IS THE GUARANTOR:GROSS POSITIVE FAIR VALUE (BANK U.S.+FOREIGN OFC)
RCFDC220,NOTIONAL AMOUNT OF CREDIT DERIVATIVES ON WHICH REPORTING BANK IS THE GUARANTOR: GROSS NEGATIVE FAIR VALUE (BANK U.S.+FOREIGN OFC)
RCFDC221,NOTIONAL AMOUNT OF CREDIT DERIVATIVES ON WHICH THE REPORTING BANK IS THE BENEFICIARY:GROSS POSITIVE FAIR VALUE (BANK U.S.+FOREIGN OFC)
RCFDC222,NOTIONAL AMOUNT OF CREDIT DERIVATIVES ON WHICH REPORTING BANK IS THE BENEFICIARY: GROSS NEGATIVE FAIR VALUE (BANK U.S.+FOREIGN OFC)
RCFDC412,FEDERAL FUNDS SOLD - WITH COMMERCIAL BANKS IN THE U.S. (BANK U.S.+FOREIGN OFC)
RCFDC413,FEDERAL FUNDS SOLD - WITH OTHERS (BANK U.S.+FOREIGN OFC)
RCFDC414,SECURITIES PURCHASED UNDER AGREEMENTS TO RESELL - WITH WITH COMMERCIAL BANKS IN THE U.S. (BANK U.S.+FOREIGN OFC)
RCFDC415,SECURITIES PURCHASED UNDER AGREEMENTS TO RESELL - WITH OTHERS (BANK U.S.+FOREIGN OFC)
RCFDC416,MORTGAGE-BACKED SECURITIES - ISSUED OR GUARANTEED BY U.S. GOVERNMENT AGENCIES (BANK U.S.+FOREIGN OFC)
RCFDC417,MORTGAGE-BACKED SECURITIES - OTHER (BANK U.S.+FOREIGN OFC)
RCFDC420,FEDERAL FUNDS PURCHASED - WITH DEPOSITORY INSTITUTIONS IN THE U.S (BANK U.S.+FOREIGN OFC)
RCFDC421,FEDERAL FUNDS PURCHASED - WITH OTHERS (BANK U.S.+FOREIGN OFC)
RCFDC422,SECURITIES SOLD UNDER AGREEMENTS TO REPURCHASE - WITH DEPOSITORY INSTITUTIONS IN THE U.S. (BANK U.S.+FOREIGN OFC)
RCFDC423,SECURITIES SOLD UNDER AGREEMENTS TO REPURCHASE - WITH OTHERS (BANK U.S.+FOREIGN OFC)
RCFDC968,CREDIT DERIVATIVES NOTIONAL AMOUNTS CREDIT DEFAULT SWAPS (BANK U.S.+FOREIGN OFC)
RCFDC969,CRD DERIVATIVES: NOTIONAL AMNTS-CREDIT DEFAULTS SWAPS-BENEFICIARY (BANK U.S.+FOREIGN OFC)
RCFDC970,CREDIT DERIVATIVES NOTIONAL AMOUNTS TOTAL RETURN SWAPS (BANK U.S.+FOREIGN OFC)
RCFDC971,CREDIT DERIVATIVES:NOTIONAL AMNTS-TOTAL RETURN SWAPS-BENEFICIARY (BANK U.S.+FOREIGN OFC)
RCFDC972,CREDIT DERIVATIVES NOTIONAL AMOUNTS CREDIT OPTIONS (BANK U.S.+FOREIGN OFC)
RCFDC973,CREDIT DERIVATIVES: NOTIONAL AMOUNTS-CREDIT OPTIONS-BENEFICIARY (BANK U.S.+FOREIGN OFC)
RCFDC974,CREDIT DERIVATIVES NOTIONAL AMOUNTS OTHER CREDIT DERIVATIVES (BANK U.S.+FOREIGN OFC)
RCFDC975,CRDT DERIVATIVES:NOTIONAL AMNTS-OTHR CRDT DERIVATIVES-BENEFICIARY (BANK U.S.+FOREIGN OFC)
RCFDF236,TOTAL DEPOSIT LIABILITIES AS DEFINED IN SECTION 3(1) OF THE FEDER AL DEPOSIT INSURANCE ACT BEFORE EXCLUSIONS (BANK U.S.+FOREIGN OFC)
RCFDF237,TOTAL ALLOWABLE EXCLUSIONS (INCLUDING FOREIGN DEPOSITS) (BANK U.S.+FOREIGN OFC)
RCFDF240,TOTAL FAIR VALUE OF NONTRADING SECURITIES AT FAIR VALUE WITH CHANGES IN FAIR VALUE REPORTED IN CURRENT EARNINGS (BANK U.S.+FOREIGN OFC)
RCFDF241,LEVEL 2 FAIR VALUE MEASUREMENTS OF NONTRADING SECURITIES AT FAIR VALUE WITH CHANGES IN FAIR VALUE REPORTED IN CURRENT EARNINGS (BANK U.S.+FOREIGN OFC)
RCFDF242,LEVEL 3 FAIR VALUE MEASUREMENTS NONTRADING SECURITIES AT FAIR VALUE WITH CHANGES IN FAIR VALUE REPORTED IN CURRENT EARNINGS (BANK U.S.+FOREIGN OFC)
RCFDF252,TOTAL FAIR VALUE OF DEPOSITS (BANK U.S.+FOREIGN OFC)
RCFDF253,LEVEL 2 FAIR VALUE MEASUREMENTS OF DEPOSITS (BANK U.S.+FOREIGN OFC)
RCFDF254,LEVEL 3 FAIR VALUE MEASUREMENTS OF DEPOSITS (BANK U.S.+FOREIGN OFC)
RCFDF261,TOTAL FAIR VALUE OF LOAN COMMITMENTS (NOT ACCOUNTED FOR AS DERIVATIVES) (BANK U.S.+FOREIGN OFC)
RCFDF262,LEVEL 2 FAIR VALUE MEASUREMENTS OF LOAN COMMITMENTS (NOT ACOUNTED FOR AS DERIVATIVES) (BANK U.S.+FOREIGN OFC)
RCFDF263,LEVEL 3 FAIR VALUE MEASUREMENTS OF LOAN COMMITMENTS (NOT ACOUNTED FOR AS DERIVATIVES) (BANK U.S.+FOREIGN OFC)
RCFDF585,LOANS MEASURED BY FAIR VALUE AND SECURED BY REAL ESTATE COMMERCIAL AND INDUSTRIAL LOANS (BANK U.S.+FOREIGN OFC)
RCFDF597,UNPAID PRINCIPAL BALANCE MEASURED AT FAIR VALUE COMMERCIAL AND RESIDENTIAL (BANK U.S.+FOREIGN OFC)
RCFDF614,TRADING ASSETS - COMMERICAL AND INDUSTRIAL LOANS (DOMESTIC OFFICES) (BANK U.S.+FOREIGN OFC)
RCFDF632,UNPAID PRINCIPAL BALANCES OF LOANS MEASURED AT FAIR VALUE - COMMERCIAL AND INDUSTRIAL LOANS (DOMESTIC ONLY) (BANK U.S.+FOREIGN OFC)
RCFDF684,AMOUNTS NETTED IN THE DETERMINATION OF TOT FAIR VALUE ON SCHEDULE RC FOR NONTRADING SECURITIES AT FAIR VALUE WITH CHANGES IN FAIR VALUE REPORTED IN CURRENT EARNINGS. (BANK U.S.+FOREIGN OFC)
RCFDF686,AMOUNTS NETTED IN THE DETERMINATION OF TOTAL FAIR VALUE REPORTED ON SCHEDULE RC FOR DEPOSITS (BANK U.S.+FOREIGN OFC)
RCFDF689,AMOUNTS NETTED IN THE DETERMINATION OF TOTAL FAIR VALUE REPORTED ON SCHEDULE RC FOR LOAN COMMITMENTS (NOT ACCOUNTED FOR AS DERIVATIVES) (BANK U.S.+FOREIGN OFC)
RCFDF692,LEVEL 1 FAIR VALUE MEASUREMENTS FOR NONTRADING SECURITIES AT FAIR VALUE WITH CHANGES IN FAIR VALUE REPORTED IN CURRENT EARNINGS. (BANK U.S.+FOREIGN OFC)
RCFDF694,LEVEL 1 FAIR VALUE MEASUREMENTS FOR DEPOSITS (BANK U.S.+FOREIGN OFC)
RCFDF697,LEVEL 1 FAIR VALUE MEASUREMENTS FOR LOAN COMMITMENTS (NOT ACCOUNTED FOR AS DERIVATIVES) (BANK U.S.+FOREIGN OFC)
RCFDF856,FEDERAL FUNDS SOLD WITH NONBANK BROKERS AND DEALERS IN SECURITIES (BANK U.S.+FOREIGN OFC)
RCFDF857,SECURITIES PURCHASED UNDER AGREEMENTSWITH NONBANK BROKERS AND DEALERS IN SECURITIES (BANK U.S.+FOREIGN OFC)
RCFDG007,LOANS MEASURED BY FAIR VALUE AND SECURED BY REAL ESTATE OTHER LOANS (BANK U.S.+FOREIGN OFC)
RCFDG009,UNPAID PRINCIPAL BALANCE MEASURED AT FAIR VALUE SECURED BY REAL ESTATE SECURED BY OTHER LOANS (BANK U.S.+FOREIGN OFC)
RCFDG011,LOANS MEASURED BY FAIR VALUE OTHER LOANS (BANK U.S.+FOREIGN OFC)
RCFDG013,UNPAID PRINCIPAL BALANCE MEASURED AT FAIR VALUE SECURED BY OTHER LOANS (BANK U.S.+FOREIGN OFC)
RCFDG391,ALL OTHER ASSETS - TOTAL FAIR VALUE REPORTED ON SCHEDULE RC (BANK U.S.+FOREIGN OFC)
RCFDG392,ALL OTHER ASSETS - LESS AMOUNTS NETTED IN THE DETERMINATION OF TOTAL FAIR VALUE (BANK U.S.+FOREIGN OFC)
RCFDG395,ALL OTHER ASSETS - LEVEL 1 FAIR VALUE MEASUREMENTS (BANK U.S.+FOREIGN OFC)
RCFDG396,ALL OTHER ASSETS - LEVEL 2 FAIR VALUE MEASUREMENTS (BANK U.S.+FOREIGN OFC)
RCFDG474,AVAILABLE-FOR-SALE DEBT SECURITIES AND EQUITY SECURITIES WITH READILY DETERMINABLE FAIR VALUES NOT HELD FOR TRADING SECURITIES - LESS AMOUNTS NETTED IN THE DETERMINATION OF TOTAL FAIR VALUE
RCFDG475,AVAILABLE-FOR-SALE DEBT SECURITIES AND EQUITY SECURITIES WITH READILY DETERMINABLE FAIR VALUES NOT HELD FOR TRADING SECURITIES - LEVEL 1 FAIR VALUE MEASUREMENTS (BANK U.S.+FOREIGN OFC)
RCFDG476,AVAILABLE-FOR-SALE DEBT SECURITIES AND EQUITY SECURITIES WITH READILY DETERMINABLE FAIR VALUES NOT HELD FOR TRADING SECURITIES - LEVEL 2 FAIR VALUE MEASUREMENTS (BANK U.S.+FOREIGN OFC)
RCFDG477,AVAILABLE-FOR-SALE DEBT SECURITIES AND EQUITY SECURITIES WITH READILY DETERMINABLE FAIR VALUES NOT HELD FOR TRADING SECURITIES - LEVEL 3 FAIR VALUE MEASUREMENTS (BANK U.S.+FOREIGN OFC)
RCFDG478,FEDERAL FUNDS SOLD AND SECURITIES PURCHASED UNDER AGREEMENTS TO RESELL - TOTAL FAIR VALUE REPORTED ON SCHEDULE RC (BANK U.S.+FOREIGN OFC)
RCFDG479,FEDERAL FUNDS SOLD AND SECURITIES PURCHASED UNDER AGREEMENTS TO RESELL -LESS AMOUNTS NETTED IN THE DETERMINATION OF TOTAL FAIR VALUE (BANK U.S.+FOREIGN OFC)
RCFDG480,FEDERAL FUNDS SOLD AND SECURITIES PURCHASED UNDER AGREEMENTS TO RESELL -LEVEL 1 FAIR VALUE MEASUREMENTS (BANK U.S.+FOREIGN OFC)
RCFDG481,FEDERAL FUNDS SOLD AND SECURITIES PURCHASED UNDER AGREEMENTS TO RESELL - LEVEL 2 FAIR VALUE MEASUREMENTS (BANK U.S.+FOREIGN OFC)
RCFDG482,FEDERAL FUNDS SOLD AND SECURITIES PURCHASED UNDER AGREEMENTS TO RESELL - LEVEL 3 FAIR VALUE MEASUREMENTS (BANK U.S.+FOREIGN OFC)
RCFDG483,LOANS AND LEASES HELD FOR SALE - TOTAL FAIR VALUE REPORTED ON SCHEDULE RC (BANK U.S.+FOREIGN OFC)
RCFDG484,LOANS AND LEASES HELD FOR SALE - LESS AMOUNTS NETTED IN THE DETERMINATION OF TOTAL FAIR VALUE (BANK U.S.+FOREIGN OFC)
RCFDG485,LOANS AND LEASES HELD FOR SALE - LEVEL 1 FAIR VALUE MEASUREMENTS (BANK U.S.+FOREIGN OFC)
RCFDG486,LOANS AND LEASES HELD FOR SALE - LEVEL 2 FAIR VALUE MEASUREMENTS (BANK U.S.+FOREIGN OFC)
RCFDG487,LOANS AND LEASES HELD FOR SALE - LEVEL 3 FAIR VALUE MEASUREMENTS (BANK U.S.+FOREIGN OFC)
RCFDG488,LOANS AND LEASES HELD FOR INVESTMENT - TOTAL FAIR VALUE REPORTED ON SCHEDULE RC (BANK U.S.+FOREIGN OFC)
RCFDG489,LOANS AND LEASES HELD FOR INVESTMENT - LESS AMOUNTS NETTED IN THE DETERMINATION OF TOTAL FAIR VALUE (BANK U.S.+FOREIGN OFC)
RCFDG490,LOANS AND LEASES HELD FOR INVESTMENT - LEVEL 1 FAIR VALUE MEASUREMENTS (BANK U.S.+FOREIGN OFC)
RCFDG491,LOANS AND LEASES HELD FOR INVESTMENT - LEVEL 2 FAIR VALUE MEASUREMENTS (BANK U.S.+FOREIGN OFC)
RCFDG492,LOANS AND LEASES HELD FOR INVESTMENT - LEVEL 3 FAIR VALUE MEASUREMENTS (BANK U.S.+FOREIGN OFC)
RCFDG493,TRADING DERIVATIVE ASSETS - LESS AMOUNTS NETTED IN THE DETERMINATION OF TOTAL FAIR VALUE (BANK U.S.+FOREIGN OFC)
RCFDG494,TRADING DERIVATIVE ASSETS - LEVEL 1 FAIR VALUE MEASUREMENTS (BANK U.S.+FOREIGN OFC)
RCFDG495,TRADING DERIVATIVE ASSETS - LEVEL 2 FAIR VALUE MEASUREMENTS (BANK U.S.+FOREIGN OFC)
RCFDG496,TRADING DERIVATIVE ASSETS - LEVEL 3 FAIR VALUE MEASUREMENTS (BANK U.S.+FOREIGN OFC)
RCFDG497,OTHER TRADING ASSETS - TOTAL FAIR VALUE REPORTED ON SCHEDULE RC (BANK U.S.+FOREIGN OFC)
RCFDG498,OTHER TRADING ASSETS - LESS AMOUNTS NETTED IN THE DETERMINATION OF TOTAL FAIR VALUE (BANK U.S.+FOREIGN OFC)
RCFDG499,OTHER TRADING ASSETS - LEVEL 1 FAIR VALUE MEASUREMENTS (BANK U.S.+FOREIGN OFC)
RCFDG500,OTHER TRADING ASSETS - LEVEL 2 FAIR VALUE MEASUREMENTS (BANK U.S.+FOREIGN OFC)
RCFDG501,OTHER TRADING ASSETS - LEVEL 3 FAIR VALUE MEASUREMENTS (BANK U.S.+FOREIGN OFC)
RCFDG502,TOTAL ASSETS MEASURED AT FAIR VALUE ON A RECURRING BASIS - TOTAL FAIR VALUE REPORTED ON SCHEDULE RC (BANK U.S.+FOREIGN OFC)
RCFDG503,TOTAL ASSETS MEASURED AT FAIR VALUE ON A RECURRING BASIS - LESS AMOUNTS NETTED IN THE DETERMINATION OF TOTAL FAIR VALUE (BANK U.S.+FOREIGN OFC)
RCFDG504,TOTAL ASSETS MEASURED AT FAIR VALUE ON A RECURRING BASIS - LEVEL 1 FAIR VALUE MEASUREMENTS (BANK U.S.+FOREIGN OFC)
RCFDG505,TOTAL ASSETS MEASURED AT FAIR VALUE ON A RECURRING BASIS - LEVEL 2 FAIR VALUE MEASUREMENTS (BANK U.S.+FOREIGN OFC)
RCFDG506,TOTAL ASSETS MEASURED AT FAIR VALUE ON A RECURRING BASIS - LEVEL 3 FAIR VALUE MEASUREMENTS (BANK U.S.+FOREIGN OFC)
RCFDG507,FEDERAL FUNDS PURCHASED AND SECURITIES SOLD UNDER AGREEMENTS TO REPURCHASE - TOTAL FAIR VALUE REPORTED ON SCHEDULE RC (BANK U.S.+FOREIGN OFC)
RCFDG508,FEDERAL FUNDS PURCHASED AND SECURITIES SOLD UNDER AGREEMENTS TO REPURCHASE - LESS AMOUNTS NETTED IN THE DETERMINATION OF TOTAL FAIR VALUE (BANK U.S.+FOREIGN OFC)
RCFDG509,FEDERAL FUNDS PURCHASED AND SECURITIES SOLD UNDER AGREEMENTS TO REPURCHASE - LEVEL 1 FAIR VALUE MEASUREMENTS (BANK U.S.+FOREIGN OFC)
RCFDG510,FEDERAL FUNDS PURCHASED AND SECURITIES SOLD UNDER AGREEMENTS TO REPURCHASE - LEVEL 2 FAIR VALUE MEASUREMENTS (BANK U.S.+FOREIGN OFC)
RCFDG511,FEDERAL FUNDS PURCHASED AND SECURITIES SOLD UNDER AGREEMENTS TO REPURCHASE - LEVEL 3 FAIR VALUE MEASUREMENTS (BANK U.S.+FOREIGN OFC)
RCFDG512,TRADING DERIVATIVE LIABILITIES - LESS AMOUNTS NETTED IN THE DETERMINATION OF TOTAL FAIR VALUE (BANK U.S.+FOREIGN OFC)
RCFDG513,TRADING DERIVATIVE LIABILITIES - LEVEL 1 FAIR VALUE MEASUREMENTS (BANK U.S.+FOREIGN OFC)
RCFDG514,TRADING DERIVATIVE LIABILITIES - LEVEL 2 FAIR VALUE MEASUREMENTS (BANK U.S.+FOREIGN OFC)
RCFDG515,TRADING DERIVATIVE LIABILITIES - LEVEL 3 FAIR VALUE MEASUREMENTS (BANK U.S.+FOREIGN OFC)
RCFDG516,OTHER TRADING LIABILITIES - TOTAL FAIR VALUE REPORTED ON SCHEDULE RC (BANK U.S.+FOREIGN OFC)
RCFDG517,OTHER TRADING LIABILITIES - LESS AMOUNTS NETTED IN THE DETERMINATION OF TOTAL FAIR VALUE (BANK U.S.+FOREIGN OFC)
RCFDG518,OTHER TRADING LIABILITIES - LEVEL 1 FAIR VALUE MEASUREMENTS (BANK U.S.+FOREIGN OFC)
RCFDG519,OTHER TRADING LIABILITIES - LEVEL 2 FAIR VALUE MEASUREMENTS (BANK U.S.+FOREIGN OFC)
RCFDG520,OTHER TRADING LIABILITIES - LEVEL 3 FAIR VALUE MEASUREMENTS (BANK U.S.+FOREIGN OFC)
RCFDG521,OTHER BORROWED MONEY - TOTAL FAIR VALUE REPORTED ON SCHEDULE RC (BANK U.S.+FOREIGN OFC)
RCFDG522,OTHER BORROWED MONEY - LESS AMOUNTS NETTED IN THE DETERMINATION OF TOTAL FAIR VALUE (BANK U.S.+FOREIGN OFC)
RCFDG523,OTHER BORROWED MONEY - LEVEL 1 FAIR VALUE MEASUREMENTS (BANK U.S.+FOREIGN OFC)
RCFDG524,OTHER BORROWED MONEY - LEVEL 2 FAIR VALUE MEASUREMENTS (BANK U.S.+FOREIGN OFC)
RCFDG525,OTHER BORROWED MONEY - LEVEL 3 FAIR VALUE MEASUREMENTS (BANK U.S.+FOREIGN OFC)
RCFDG526,SUBORDINATED NOTES AND DEBENTURES - TOTAL FAIR VALUE REPORTED ON SCHEDULE RC (BANK U.S.+FOREIGN OFC)
RCFDG527,SUBORDINATED NOTES AND DEBENTURES - LESS AMOUNTS NETTED IN THE DETERMINATION OF TOTAL FAIR VALUE (BANK U.S.+FOREIGN OFC)
RCFDG528,SUBORDINATED NOTES AND DEBENTURES- LEVEL 1 FAIR VALUE MEASUREMENTS (BANK U.S.+FOREIGN OFC)
RCFDG529,SUBORDINATED NOTES AND DEBENTURES- LEVEL 2 FAIR VALUE MEASUREMENTS (BANK U.S.+FOREIGN OFC)
RCFDG530,SUBORDINATED NOTES AND DEBENTURES- LEVEL 3 FAIR VALUE MEASUREMENTS (BANK U.S.+FOREIGN OFC)
RCFDG531,TOTAL LIABILITIES MEASURED AT FAIR VALUE ON A RECURRING BASIS - TOTAL FAIR VALUE REPORTED ON SCHEDULE RC (BANK U.S.+FOREIGN OFC)
RCFDG532,TOTAL LIABILITIES MEASURED AT FAIR VALUE ON A RECURRING BASIS - LESS AMOUNTS NETTED IN THE DETERMINATION OF TOTAL FAIR VALUE (BANK U.S.+FOREIGN OFC)
RCFDG533,TOTAL LIABILITIES MEASURED AT FAIR VALUE ON A RECURRING BASIS - LEVEL 1 FAIR VALUE MEASUREMENTS (BANK U.S.+FOREIGN OFC)
RCFDG534,TOTAL LIABILITIES MEASURED AT FAIR VALUE ON A RECURRING BASIS - LEVEL 2 FAIR VALUE MEASUREMENTS (BANK U.S.+FOREIGN OFC)
RCFDG535,TOTAL LIABILITIES MEASURED AT FAIR VALUE ON A RECURRING BASIS - LEVEL 3 FAIR VALUE MEASUREMENTS (BANK U.S.+FOREIGN OFC)
RCFDG536,OTHR GT   $100K & 25% MTG SVC RT FV RPT (BANK U.S.+FOREIGN OFC)
RCFDG537,OTHR GT   $100K & 25% MTG SVC RT LESS FV (BANK U.S.+FOREIGN OFC)
RCFDG538,OTHR GT   $100K 25% MTG SVC RT LVL 1 FV (BANK U.S.+FOREIGN OFC)
RCFDG539,OTHR GT   $100K 25% MTG SVC RT LVL 2 FV (BANK U.S.+FOREIGN OFC)
RCFDG540,OTHR GT   $100K 25% MTG SVC RT LVL 3 FV (BANK U.S.+FOREIGN OFC)
RCFDG541,OTHR GT   $100K & 25% NONTRDG FV RPT (BANK U.S.+FOREIGN OFC)
RCFDG542,OTHR GT   $100K 25% NONTRDG LESS NET FV (BANK U.S.+FOREIGN OFC)
RCFDG543,OTHR GT   $100K & 25% NONTRDG LVL 1 FV (BANK U.S.+FOREIGN OFC)
RCFDG544,OTHR GT   $100K & 25% NONTRDG LVL 2 FV (BANK U.S.+FOREIGN OFC)
RCFDG545,OTHR GT   $100K & 25% NONTRDG LVL 3 FV (BANK U.S.+FOREIGN OFC)
RCFDG546,1ST GT  $100K 25% OTHR MEASURE FV RCR (BANK U.S.+FOREIGN OFC)
RCFDG547,1ST GT  $100K 25% OTHR RCR LESS AMT FV (BANK U.S.+FOREIGN OFC)
RCFDG548,1ST GT  $100K 25% OTHR FV RCR LVL 1 FV (BANK U.S.+FOREIGN OFC)
RCFDG549,1ST GT  $100K 25% OTHR FV RCR LVL 2 FV (BANK U.S.+FOREIGN OFC)
RCFDG550,1ST GT  $100K 25% OTHR FV RCR LVL 3 FV (BANK U.S.+FOREIGN OFC)
RCFDG551,2ND GT  $100K 25% OTHR MEASURE FV RCR (BANK U.S.+FOREIGN OFC)
RCFDG552,2ND GT  $100K 25% OTHR RCR LESS AMT FV (BANK U.S.+FOREIGN OFC)
RCFDG553,2ND GT  $100K 25% OTHR FV RCR LVL 1 FV (BANK U.S.+FOREIGN OFC)
RCFDG554,2ND GT  $100K 25% OTHR FV RCR LVL 2 FV (BANK U.S.+FOREIGN OFC)
RCFDG555,2ND GT  $100K 25% OTHR FV RCR LVL 3 FV (BANK U.S.+FOREIGN OFC)
RCFDG556,3RD GT  $100K 25% OTHR MEASURE FV RCR (BANK U.S.+FOREIGN OFC)
RCFDG557,3RD GT  $100K 25% OTHR RCR LESS AMT FV (BANK U.S.+FOREIGN OFC)
RCFDG558,3RD GT  $100K 25% OTHR FV RCR LVL 1 FV (BANK U.S.+FOREIGN OFC)
RCFDG559,3RD GT  $100K 25% OTHR FV RCR LVL 2 FV (BANK U.S.+FOREIGN OFC)
RCFDG560,3RD GT  $100K 25% OTHR FV RCR LVL 3 FV (BANK U.S.+FOREIGN OFC)
RCFDG561,4TH GT  $100K 25% OTHR MEASURE FV RCR (BANK U.S.+FOREIGN OFC)
RCFDG562,4TH GT  $100K 25% OTHR RCR LESS AMT FV (BANK U.S.+FOREIGN OFC)
RCFDG563,4TH GT  $100K 25% OTHR FV RCR LVL 1 FV (BANK U.S.+FOREIGN OFC)
RCFDG564,4TH GT  $100K 25% OTHR FV RCR LVL 2 FV (BANK U.S.+FOREIGN OFC)
RCFDG565,4TH GT  $100K 25% OTHR FV RCR LVL 3 FV (BANK U.S.+FOREIGN OFC)
RCFDG566,OTHR  $100K 25% NON TRDING DRVT FV RPT (BANK U.S.+FOREIGN OFC)
RCFDG567,OTHR  $100K 25% NON TRDING DRVT LESS F (BANK U.S.+FOREIGN OFC)
RCFDG568,OTHR  $100K NON TRDING DRVT LVL 1 FV (BANK U.S.+FOREIGN OFC)
RCFDG569,OTHR  $100K NON TRDING DRVT LVL 2 FV (BANK U.S.+FOREIGN OFC)
RCFDG570,OTHR  $100K NON TRDING DRVT LVL 3 FV (BANK U.S.+FOREIGN OFC)
RCFDG571,1ST GT  $100K 25% OTHR LIAB FV (BANK U.S.+FOREIGN OFC)
RCFDG572,1ST GT  $100K OTHR LIAB LESS DTRM FV (BANK U.S.+FOREIGN OFC)
RCFDG573,1ST GT  $100K 25% OTHR LIAB LVL 1 FV (BANK U.S.+FOREIGN OFC)
RCFDG574,1ST GT  $100K 25% OTHR LIAB LVL 2 FV (BANK U.S.+FOREIGN OFC)
RCFDG575,1ST GT  $100K 25% OTHR LIAB LVL 3 FV (BANK U.S.+FOREIGN OFC)
RCFDG576,2ND GT  $100K 25% OTHR LIAB FV (BANK U.S.+FOREIGN OFC)
RCFDG577,2ND GT  $100K OTHR LIAB LESS DTRM FV (BANK U.S.+FOREIGN OFC)
RCFDG578,2ND GT  $100K 25% OTHR LIAB LVL 1 FV (BANK U.S.+FOREIGN OFC)
RCFDG579,2ND GT  $100K 25% OTHR LIAB LVL 2 FV (BANK U.S.+FOREIGN OFC)
RCFDG580,2ND GT  $100K 25% OTHR LIAB LVL 3 FV (BANK U.S.+FOREIGN OFC)
RCFDG581,3RD GT  $100K 25% OTHR LIAB FV (BANK U.S.+FOREIGN OFC)
RCFDG582,3RD GT  $100K OTHR LIAB LESS DTRM FV (BANK U.S.+FOREIGN OFC)
RCFDG583,3RD GT  $100K 25% OTHR LIAB LVL 1 FV (BANK U.S.+FOREIGN OFC)
RCFDG584,3RD GT  $100K 25% OTHR LIAB LVL 2 FV (BANK U.S.+FOREIGN OFC)
RCFDG585,3RD GT  $100K 25% OTHR LIAB LVL 3 FV (BANK U.S.+FOREIGN OFC)
RCFDG586,4TH GT  $100K 25 PCT OTHR LIAB FV (BANK U.S.+FOREIGN OFC)
RCFDG587,4TH GT  $100K OTHR LIAB LESS DTRM FV (BANK U.S.+FOREIGN OFC)
RCFDG588,4TH GT  $100K 25% OTHR LIAB LVL 1 FV (BANK U.S.+FOREIGN OFC)
RCFDG589,4TH GT  $100K 25% OTHR LIAB LVL 2 FV (BANK U.S.+FOREIGN OFC)
RCFDG590,4TH GT  $100K 25% OTHR LIAB LVL 3 FV (BANK U.S.+FOREIGN OFC)
RCFDG804,ALL OTHER ASSETS - LEVEL 3 FAIR VALUE MEASUREMENTS (BANK U.S.+FOREIGN OFC)
RCFDG805,ALL OTHER LIABILITIES - TOTAL FAIR VALUE REPORTED ON BALANCE SHEET (BANK U.S.+FOREIGN OFC)
RCFDG806,ALL OTHER LIABILITIES - LESS AMOUNTS NETTED IN THE DETERMINATION OF TOTAL FAIR VALUE (BANK U.S.+FOREIGN OFC)
RCFDG807,ALL OTHER LIABILITIES - LEVEL 1 FAIR VALUE MEASUREMENTS (BANK U.S.+FOREIGN OFC)
RCFDG808,ALL OTHER LIABILITIES - LEVEL 2 FAIR VALUE MEASUREMENTS (BANK U.S.+FOREIGN OFC)
RCFDG809,ALL OTHER LIABILITIES - LEVEL 3 FAIR VALUE MEASUREMENTS (BANK U.S.+FOREIGN OFC)
RCFDHT63,"LOANS MEASURED BY FAIR VALUE AND SECURED BY REAL ESTATE CONSTRUCTION,LAND DEVELOPMENT,AND OTHER LAND LOANS (BANK U.S.+FOREIGN OFC)"
RCFDHT64,LOANS MEASURED BY FAIR VALUE AND SECURED BY REAL ESTATE SECURED BY FARMLAND (BANK U.S.+FOREIGN OFC)
RCFDHT66,UNPAID PRINCIPAL BALANCE MEASURED AT FAIR VALUE SECURED BY 1-4 FAMILY RESIDENTIAL PROP (BANK U.S.+FOREIGN OFC)
RCFDHT67,UNPAID PRINCIPAL BALANCE MEASURED AT FAIR VALUE SECURED BY ALL OTHER LOANS SECURED BY REAL ESTATE (BANK U.S.+FOREIGN OFC)
RCFDHT87,LOANS MEASURED BY FAIR VALUE LOANS SECURED BY 1-4 FAMILY RESIDENTIAL PROP (BANK U.S.+FOREIGN OFC)
RCFDHT88,LOANS MEASURED BY FAIR VALUE ALL OTHER LOANS SECURED BY REAL ESTATE (BANK U.S.+FOREIGN OFC)
RCFDHT91,UNPAID PRINCIPAL BALANCE MEASURED AT FAIR VALUE LOANS SECURED BY 1-4 FAMILY RESIDENTIAL PROP (BANK U.S.+FOREIGN OFC)
RCFDHT92,UNPAID PRINCIPAL BALANCE MEASURED AT FAIR VALUE ALL OTHER LOANS SECURED BY REAL ESTATE (BANK U.S.+FOREIGN OFC)
RCFDHU09,Maximum amount of credit exposure arising from recourse or other seller- provided credit enhancements provided to structures reported IN ITEM 1 -1-4 Family residental
RCFDHU10,Maximum amount of credit exposure arising from recourse or other seller- provided credit enhancements provided to structures reported IN ITEM 1 HOME EQUITY LINE
RCFDHU11,Maximum amount of credit exposure :CC RECEIVABLES
RCFDHU12,Maximum amount of credit exposure arising from recourse or other seller- provided credit enhancements provided to structures reported IN ITEM 1:AUTO LOANS
RCFDHU13,Maximum amount of credit exposure arising from recourse or other seller- provided credit enhancements provided to structures reported IN ITEM 1:OTH CONSUMER LOANS
RCFDHU14,Maximum amount of credit exposure arising from recourse or other seller- provided credit enhancements provided to structures reported IN ITEM 1:COMM AND INDUSTRIAL LNS
RCFDHU15,"Maximum amount of credit exposure arising from recourse or other seller- provided credit enhancements provided to structures reported IN ITEM 1:ALL OTHER LNS , ALL LEASE, AND ALL OTH ASSETS"
RCFDHU16,TOTAL AMOUNT OF OWNERSHIP (OR SELLER'S) INTERESTS CARRIED AS: SECURITIES OR LOANS
RCFDHU17,TOTAL AMOUNT OF OWNERSHIP (OR SELLER'S) INTERESTS CARRIED AS: SECURITIES OR LOANS::CC RECEIVABLES
RCFDHU18,TOTAL AMOUNT OF OWNERSHIP (OR SELLER'S) INTERESTS CARRIED AS: SECURITIES OR LOANS:COMMERICIAL AND INDUSTRIAL LOANS
RCFDJA22,"A-F-S, AMORTIZED COST (BANK U.S.+FOREIGN OFC)"
RCFDJA36,"AVAILABLE-FOR-SALE SECURITIES, TOTAL (BANK U.S. OFC ONLY)"
RCFDK298,TRADING ASSETS: MORTGAGE-BACKED SECURITIES ISSUED OR GUARANTEED BY U.S. AGENCIES (BANK U.S.+FOREIGN OFC)
RCFDK299,TRADING SECURITIES: OTHER ASSET-BACKED SECURITIES (BANK U.S.+FOREIGN OFC)
RCFDK302,TRADING ASSETS: OTHER TRADING ASSETS (BANK U.S.+FOREIGN OFC)
RCFDK479,TRADING ASSETS - U.S. TREASURY AND AGENCY SECURITIES (BANK U.S.+FOREIGN OFC)
RCFDK652,AVERAGE CONSOLIDATED TOTAL ASSETS (BANK U.S.+FOREIGN OFC)
RCFDK653,AVERAGING METHOD USED (BANK U.S.+FOREIGN OFC)
RCFDK654,AVERAGE TANGIBLE EQUITY (BANK U.S.+FOREIGN OFC)
RCFDK655,HOLDINGS OF LONG-TERM UNSECURED DEBT ISSUED BY OTHER FDIC INSURED INSTITUTIONS (BANK U.S.+FOREIGN OFC)
RCFDL193,OTHER ASSETS : OTHER TRADING SECURITIES (BANK U.S.+FOREIGN OFC)
RCFN0010,CASH DUE FROM DEPOSITORIES (BANK FOREIGN OFC ONLY)
RCFN0020,CASH ITEMS IN PROCESS OF COLLECTION AND UNPOSTED DEBITS (BANK FOREIGN OFC ONLY)
RCFN0070,BALANCES WITH BKS IN FGN COUNTRIES (BANK FOREIGN OFC ONLY)
RCFN0082,BALS DUE FROM DEPOSITORY INSTS IN US (BANK FOREIGN OFC ONLY)
RCFN1415,"LOANS MEASURED BY REAL ESTATE CONSTRUCTION,LAND DEVELOPMENT, OTHER LAND LOANS (BANK FOREIGN OFC ONLY)"
RCFN1420,REAL ESTATE LOANS SECURED BY FARMLAND (BANK FOREIGN OFC ONLY)
RCFN1460,REAL ESTATE LOANS SECURED BY MULTI-FAMILY (5 OR MORE) RESIDENTIAL PROPERTIES (BANK FOREIGN OFC ONLY)
RCFN1480,NONFARM NONRESIDENTIAL PROPERTIES (BANK FOREIGN OFC ONLY)
RCFN1520,LNS TO OTH FIN INST (1536 + 1537) (BANK FOREIGN OFC ONLY)
RCFN1545,"Loans for purchasing or carrying securities, including margin loans"
RCFN1668,IBF DEPOSIT LIABILITIES - U.S. BRANCHES AND AGENCIES OF OTHER FO REIGN BANKS (BANK FOREIGN OFC ONLY)
RCFN1669,IBF DEPOSIT LIABILITIES - OTHER COMMERCIAL BANKS IN THE U.S. (BANK FOREIGN OFC ONLY)
RCFN1671,IBF DEPOSIT LIABILITIES - OTHER COMMERCIAL BANKS IN THE U.S. (BANK FOREIGN OFC ONLY)
RCFN1672,BF DEPOSIT LIABILITIES - OTHER BANKS IN FOREIGN COUNTRIES (BANK FOREIGN OFC ONLY)
RCFN1754,"HELD-TO-MATURITY SECURITIES, TOTAL (BANK FOREIGN OFC ONLY)"
RCFN1763,COMMERCIAL AND INDUSTRIAL LOANS TO U.S. ADDRESSEES (BANK FOREIGN OFC ONLY)
RCFN1764,"C&I LOANS, NON-U.S. ADDRESSEES (BANK FOREIGN OFC ONLY)"
RCFN1771,TOTAL FAIR VALUE OFHELD-TO-MATURITY SECURITIES (BANK FOREIGN OFC ONLY)
RCFN1772,TOTAL AMORTIZED COST OF AVAILABLE-FOR-SALE SECURITIES (BANK FOREIGN OFC ONLY)
RCFN1773,"AVAILABLE-FOR-SALE SECURITIES, TOTAL (BANK FOREIGN OFC ONLY)"
RCFN1797,"REVOLVING, OPEN-END LOANS SECURED BY 1-4 FAMILY RESIDENTIAL PROPERTIES AND EXTENDED UNDER LINES OF CREDIT (BANK FOREIGN OFC ONLY)"
RCFN1798,LOANS MEASURED BY REAL ESTATE CLOSE-END LOANS SECURED BY 1-4 RESIDENTIAL (BANK FOREIGN OFC ONLY)
RCFN1885,ALL OTHER LOANS (BANK FOREIGN OFC ONLY)
RCFN2081,LNS TO FGN GOVTS & OFFICIAL INST (BANK FOREIGN OFC ONLY)
RCFN2122,TOTAL LNS&LEASE HELD FOR INVESTMENT AND HELD FOR SALE (BANK FOREIGN OFC ONLY)
RCFN2123,UNEARNED INCOME ON LOANS (BANK FOREIGN OFC ONLY)
RCFN2151,OTHER ASSETS (CLAIMS ON NON-RELATED PARTIES) (BANK FOREIGN OFC ONLY)
RCFN2154,NET DUE FROM HEAD OFFICE AND OTHER RELATED INSTITUTIONS IN THE U .S. AND FOREIGN COUNTRIES (BANK FOREIGN OFC ONLY)
RCFN2170,TOTAL ASSETS (BANK FOREIGN OFC ONLY)
RCFN2171,CLAIMS ON NON-AFFILIATES (BANK FOREIGN OFC ONLY) (BANK FOREIGN OFC ONLY)
RCFN2182,LEASE FINANCING RECEIVABLES(NET OF UNEARNED INCOME) OF U.S. ADDR ESSEES (DOMICILE) (BANK FOREIGN OFC ONLY)
RCFN2183,LEASE FINANCING RECEIVABLES(NET OF UNEARNED INCOME) OFNON-U.S. A DDRESSEES(DOMICILE) (BANK FOREIGN OFC ONLY)
RCFN2205,TOTAL DEPOSITS AND CREDIT BALANCES (BANK FOREIGN OFC ONLY)
RCFN2261,TOTAL OTHER DEPOSITS (BANK FOREIGN OFC ONLY) (BANK FOREIGN OFC ONLY)
RCFN2650,DEPOSITS OF FGN. GOVTS & OFF. INST (BANK FOREIGN OFC ONLY)
RCFN2869,TOTAL OTHER BORROWED MONEY OWED TO OTHERS (BANK FOREIGN OFC ONLY)
RCFN2916,TOTAL OTHER BORROWED MONEY OWED TO BANKS (BANK FOREIGN OFC ONLY)
RCFN2927,LIABILITIES TO NON-AFFILIATES (BANK FOREIGN OFC ONLY) (BANK FOREIGN OFC ONLY)
RCFN2944,NET DUE TO HEAD OFF AND OTHER RELATED INSTIT (BANK FOREIGN OFC ONLY) (BANK FOREIGN OFC ONLY)
RCFN2950,TOTAL LIABILITIES (BANK FOREIGN OFC ONLY) (BANK FOREIGN OFC ONLY)
RCFN3190,OTHER BORROWED MONEY (BANK FOREIGN OFC ONLY)
RCFN3312,OTHER BORROWED MONEY OWED TO U.S. OFFICES OFNONRELATED U.S. BANK S (BANK FOREIGN OFC ONLY)
RCFN3313,OTHER BORROWED MONEY OWED TO U.S. BRANCHES AND AGENCIES OF NONRE LATED FOREIGN BANKS (BANK FOREIGN OFC ONLY)
RCFN3314,OTHER BORROWED MONEY OWED TO FOREIGN BRANCHES OF NONRELATED U.S. BANKS (BANK FOREIGN OFC ONLY)
RCFN3315,OTHER BORROWED MONEY OWED TO FOREIGN OFFICES OFNONRELATED FOREIG N BANKS (BANK FOREIGN OFC ONLY)
RCFN3536,TRADING ASSETS - ALL OTHER MORTGAGE-BACKED SECURITIES (BANK FOREIGN OFC ONLY)
RCFN3543,"REVALUATION GAINS ON INTEREST RATE, FOREIGN EXCHANGE RATE, AND OTHER COMMODITY AND EQUITY CONTRACTS (BANK FOREIGN OFC ONLY)"
RCFN3547,"REVALUATION LOSSES ON INTEREST RATE, FOREIGN EXCHANGE RATE, AND OTHER COMMODITY AND EQUITY CONTRACTS (BANK FOREIGN OFC ONLY)"
RCFN3548,"TRADING LIABILITIES, TOTAL (BANK FOREIGN OFC ONLY)"
RCFN8782,AMORTIZED COST OF STRUCTURED NOTES (BANK FOREIGN OFC ONLY)
RCFN8783,"STRUCTURED NOTES, H-T-M AND A-F-S, FAIR VALUE (BANK FOREIGN OFC ONLY)"
RCFNA003,SECURITIES OF FOREIGN GOVERNMENTS AND OFFICIAL INSTITUTIONS (BANK FOREIGN OFC ONLY)
RCFNB532,LOANS TO U.S. BRANCHES AND AGENCIES OF FOREIGN BANKS (BANK FOREIGN OFC ONLY)
RCFNB533,LOANS TO OTHER COMMERCIAL BANKS IN THE U.S. (BANK FOREIGN OFC ONLY)
RCFNB534,LOANS TO OTHER DEPOSITORY INSTITUTIONS IN THE U.S. (BANK FOREIGN OFC ONLY)
RCFNB536,LOANS TO FOREIGN BRANCHES OF OTHER U.S. BANKS (BANK FOREIGN OFC ONLY)
RCFNB537,LOANS TO OTHER BANKS IN FOREIGN COUNTRIES (BANK FOREIGN OFC ONLY)
RCFNB570,ASSETS UNDER THE REPORTING BANK'S MANAGEMENT IN PROPRIETARY MUTU AL FUNDS AND ANNUITIES (BANK FOREIGN OFC ONLY)
RCFNC036,OTHER ASSET-BACKED SECURITIES (BANK FOREIGN OFC ONLY)
RCFNC037,"OTHER BONDS, NOTES, DEBENTURES, AND CORPORATE STOCK (INCLUDING S TATE AND LOCAL SECURITIES):ALL OTHER (BANK FOREIGN OFC ONLY)"
RCFNC042,IBF DEPOSIT LIABILITIES -: US ADDRESSEES (DOMICILE) (BANK FOREIGN OFC ONLY)
RCFNC045,"IBF DEPOSIT LIABILITIES - INDIVIDUALS,PARTNERSHIPS AND CORPORATI ONS (INCLUDE ALL CERTIFIED AND OFFICIAL CHECKS): NON-U.S. ADDRES SES(DOMICILE) (BANK FOREIGN OFC ONLY)"
RCFNC412,FEDERAL FUNDS SOLD - WITH DEPOSITORY INSTITUTIONS IN THE U.S. (IBF ONLY) (BANK FOREIGN OFC ONLY)
RCFNC413,FEDERAL FUNDS SOLD - WITH OTHERS (IBF ONLY) (BANK FOREIGN OFC ONLY)
RCFNC414,SECURITIES PURCHASED UNDER AGREEMENTS TO RESELL - WITH DEPOSITORY INSTITUTIONS IN THE U.S. (IBF ONLY) (BANK FOREIGN OFC ONLY)
RCFNC415,SECURITIES PURCHASED UNDER AGREEMENTS TO RESELL - WITH OTHERS (IBF ONLY) (BANK FOREIGN OFC ONLY)
RCFNC416,MORTGAGE-BACKED SECURITIES - ISSUED OR GUARANTEED BY U.S. GOVERNMENT AGENCIES (IBF ONLY) (BANK FOREIGN OFC ONLY)
RCFNC417,MORTGAGE-BACKED SECURITIES - OTHER (IBF ONLY) (BANK FOREIGN OFC ONLY)
RCFNC420,FEDERAL FUNDS PURCHASED - WITH DEPOSITORY INSTITUTIONS IN THE U.S (IBF ONLY) (BANK FOREIGN OFC ONLY)
RCFNC421,FEDERAL FUNDS PURCHASED - WITH OTHERS (IBF ONLY) (BANK FOREIGN OFC ONLY)
RCFNC422,SECURITIES SOLD UNDER AGREEMENTS TO REPURCHASE - WITH DEPOSITORY INSTITUTIONS IN THE U.S. (IBF ONLY) (BANK FOREIGN OFC ONLY)
RCFNC423,SECURITIES SOLD UNDER AGREEMENTS TO REPURCHASE - WITH OTHERS (IBF ONLY) (BANK FOREIGN OFC ONLY)
RCFNF234,TOTAL FOREIGN DEPOSITS (INCLUDED IN ITEM B ABOVE) (BANK FOREIGN OFC ONLY)
RCFNF585,COMMERCIAL& INDUSTRIAL LOANS MEASURED AT FV (DOMESTIC ONLY) (BANK FOREIGN OFC ONLY)
RCFNF597,UNPAID PRINCIPAL BALANCE OF COMMERICIAL AND INDUSTRIAL LOANS MEASURED AT FAIR VALUE: (BANK FOREIGN OFC ONLY)
RCFNF614,LOANS MEASURED BY FAIR VALUE AND SECURED BY REAL ESTATE COMMERCIAL AND INDUSTRIAL LOANS (BANK FOREIGN OFC ONLY)
RCFNF632,UNPAID PRINCIPAL BALANCE MEASURED AT FAIR VALUE SECURED BY REAL ESTATE SECURED BY COMMERCIAL AND INDUSTRIAL LOANS (BANK FOREIGN OFC ONLY)
RCFNF856,FEDERAL FUNDS SOLD WITH NONBANK BROKERS AND DEALERS IN SECURITIES (BANK FOREIGN OFC ONLY)
RCFNF857,SECURITIES PURCHASED UNDER AGREEMENTSWITH NONBANK BROKERS AND DEALERS IN SECURITIES (BANK FOREIGN OFC ONLY)
RCFNG007,LOANS MEASURED BY FAIR VALUE AND SECURED BY REAL ESTATE OTHER LOANS (BANK FOREIGN OFC ONLY)
RCFNG009,UNPAID PRINCIPAL BALANCE MEASURED AT FAIR VALUE SECURED BY REAL ESTATE SECURED BY OTHER LOANS (BANK FOREIGN OFC ONLY)
RCFNG011,LOANS MEASURED BY FAIR VALUE OTHER LOANS (BANK FOREIGN OFC ONLY)
RCFNG013,UNPAID PRINCIPAL BALANCE MEASURED AT FAIR VALUE SECURED BY OTHER LOANS (BANK FOREIGN OFC ONLY)
RCFNHT63,"LOANS MEASURED BY FAIR VALUE AND SECURED BY REAL ESTATE CONSTRUCTION,LAND DEVELOPMENT,AND OTHER LAND LOANS (BANK FOREIGN OFC ONLY)"
RCFNHT64,LOANS MEASURED BY FAIR VALUE AND SECURED BY REAL ESTATE SECURED BY FARMLAND (BANK FOREIGN OFC ONLY)
RCFNHT66,UNPAID PRINCIPAL BALANCE MEASURED AT FAIR VALUE SECURED BY 1-4 FAMILY RESIDENTIAL PROP (BANK FOREIGN OFC ONLY)
RCFNHT67,UNPAID PRINCIPAL BALANCE MEASURED AT FAIR VALUE SECURED BY ALL OTHER LOANS SECURED BY REAL ESTATE (BANK FOREIGN OFC ONLY)
RCFNHT87,LOANS MEASURED BY FAIR VALUE LOANS SECURED BY 1-4 FAMILY RESIDENTIAL PROP (BANK FOREIGN OFC ONLY)
RCFNHT88,LOANS MEASURED BY FAIR VALUE ALL OTHER LOANS SECURED BY REAL ESTATE (BANK FOREIGN OFC ONLY)
RCFNHT91,UNPAID PRINCIPAL BALANCE MEASURED AT FAIR VALUE LOANS SECURED BY 1-4 FAMILY RESIDENTIAL PROP (BANK FOREIGN OFC ONLY)
RCFNHT92,UNPAID PRINCIPAL BALANCE MEASURED AT FAIR VALUE ALL OTHER LOANS SECURED BY REAL ESTATE (BANK FOREIGN OFC ONLY)
RCFNJA22,Amortized cost of available-for-sale securities IBF Only
RCFNK298,TRADING ASSETS: MORTGAGE-BACKED SECURITIES ISSUED OR GUARANTEED BY U.S. AGENCIES (BANK FOREIGN OFC ONLY)
RCFNK299,TRADING SECURITIES: OTHER ASSET-BACKED SECURITIES (BANK FOREIGN OFC ONLY)
RCFNK302,TRADING ASSETS: OTHER TRADING ASSETS (BANK FOREIGN OFC ONLY)
RCFNK479,TRADING ASSETS - U.S. TREASURY AND AGENCY SECURITIES (BANK FOREIGN OFC ONLY)
RCFNL193,OTHER ASSETS : OTHER TRADING SECURITIES IBF ONLY (BANK FOREIGN OFC ONLY)
RCON1643,TOTAL TRANSACTION ACCOUNTS AND CREDIT BALANCES (EXCLUDING IBF) - DEPOSITS OF U.S. BRANCHES AND AGENCIES OF OTHER FOREIGN BANKS (BANK U.S. OFC ONLY)
RCON1645,TOTAL TRANSACTION ACCOUNTS AND CREDIT BALANCES (EXCLUDING IBF) - DEPOSITS OF OTHER COMMERCIAL BANKS IN THE U.S. (BANK U.S. OFC ONLY)
RCON1646,TOTAL TRANSACTION ACCOUNTS AND CREDIT BALANCES (EXCLUDING IBF) - DEPOSITS OF FOREIGN BRANCHES OF U.S. BANKS (BANK U.S. OFC ONLY)
RCON1647,TOTAL TRANSACTION ACCOUNTS AND CREDIT BALANCES (EXCLUDING IBF) - DEPOSITS OF OTHER BANKS IN FOREIGN COUNTRIES (BANK U.S. OFC ONLY)
RCON1649,TOTAL TRANSACTION ACCOUNTS AND CREDIT BALANCES (EXCLUDING IBF) - DEPOSITS OF FOREIGN GOVERNMENTS AND OFFICIAL INSTITUTIONS (BANK U.S. OFC ONLY)
RCON1650,TOTAL TRANSACTIONACCOUNTS AND CREDIT BALANCES (EXCLUDING IBF) - ALL OTHER DEPOSITS AND CREDIT BALANCES (BANK U.S. OFC ONLY)
RCON1653,TOTAL DEPOSITS AND CREDIT BALANCES (BANK U.S. OFC ONLY)
RCON2210,TOTAL DEMAND DEPOSITS (BANK U.S. OFC ONLY) (BANK U.S. OFC ONLY)
RCON2259,NONTRANSACTION ACCOUNTS - OTHER (BANK U.S. OFC ONLY)
RCON2347,TOTAL NONTRANSACTION ACCOUNTS - U.S. BRANCHES AND AGENCIES OF FO REIGN BANKS (BANK U.S. OFC ONLY)
RCON2348,TOT NONTRANS ACCTS-OTH COMMCL BKS-US (BANK U.S. OFC ONLY)
RCON2367,TOTAL NONTRANSACTION ACCOUNTS - FOREIGN BRANCHES OF OTHER U.S. B ANKS (BANK U.S. OFC ONLY)
RCON2373,TOT NONTRANS ACCTS-OTH BKS-FGN CNTRS (BANK U.S. OFC ONLY)
RCON2377,TOT NONTRANS ACCTS-FGN GOVERNMENTS&OFFICIAL (BANK U.S. OFC ONLY) (BANK U.S. OFC ONLY)
RCON2385,TOTAL NONTRANSACTION ACCOUNTS (BANK U.S. OFC ONLY) (BANK U.S. OFC ONLY)
RCON2604,"TOTAL TIME DEPOSITS OF $100,000 OR MORE (BANK U.S. OFC ONLY)"
RCON5564,"# PERMNT MTG LNS AMTS $100,000 OR LS (BANK U.S. OFC ONLY)"
RCON5565,"AMOUNT CURRENTLY OUTSTANDING OF LOANS SECURED BY NONFARM NONRESI DENTIAL PROPERTIES (IN DOMESTIC OFFICES) <= $100,000 (BANK U.S. OFC ONLY)"
RCON5566,"NO OF LOANS > $100,000 THRU $250,000 (BANK U.S. OFC ONLY)"
RCON5567,"AMT OF LOANS SECURED BY NONFARM NONRESIDENTIAL PROPERTIES (IN DO MESTIC OFFICES)> $100,000 THROUGH $250,001 (BANK U.S. OFC ONLY)"
RCON5568,"NO OF LNS > $250,000 THRU $1 MILLION (BANK U.S. OFC ONLY)"
RCON5569,"AMOUNT CURRENTLY OUTSTANDING OF LOANS SECURED BY NONFARM NONRESI DENTIAL PROPERTIES (IN DOMESTIC OFFICES) > $250,000 THROUGH $1,0 00,000 (BANK U.S. OFC ONLY)"
RCON5570,"# NONMTG CML LNS AMTS $100,000 OR LS (BANK U.S. OFC ONLY)"
RCON5571,"AMOUNT CURRENTLY OUTSTANDING OF COMMERCIAL AND INDUSTRIAL LOANS TO U.S. ADDRESSEES (IN DOMESTIC OFFICES) <= $100,000 (BANK U.S. OFC ONLY)"
RCON5572,"NO OF LOANS > $100,000 THRU $250,000 (BANK U.S. OFC ONLY)"
RCON5573,"AMOUNT CURRENTLY OUTSTANDING OF COMMERCIAL AND INDUSTRIAL LOANS TO U.S. ADDRESSEES (IN DOMESTIC OFFICES) >$100,000 THROUGH $250, 000 (BANK U.S. OFC ONLY)"
RCON5574,"NO OF LNS > $250,000 THRU $1 MILLION (BANK U.S. OFC ONLY)"
RCON5575,"AMOUNT CURRENTLY OUTSTANDING OF COMMERCIAL AND INDUSTRIAL LOANS TO U.S. ADDRESSEES (IN DOMESTIC OFFICES) > $250,000 THROUGH $1,0 00,000 (BANK U.S. OFC ONLY)"
RCON5578,"# LS SCD PRIM BY FRMS $100,000 OR LS (BANK U.S. OFC ONLY)"
RCON5579,"AMOUNT CURRENTLYOUTSTANDING OF LOANS SECURED BY FARMLAND (IN DOM ESTIC OFFICES) <= $100,000 (BANK U.S. OFC ONLY)"
RCON5580,"NO OF LOANS > $100,000 THRU $250,000 (BANK U.S. OFC ONLY)"
RCON5581,"AMOUNT CURRENTLY OUTSTANDING OF LOANS SECURED BY FARMLAND (IN DO MESTIC OFFICES) > $100,000 THROUGH $250,000 (BANK U.S. OFC ONLY)"
RCON5582,"NO OF LOANS > $250,000 THRU $500,000 (BANK U.S. OFC ONLY)"
RCON5583,"AMOUNT CURRENTLY OUTSTANDING OF LOANS SECURED BY FARMLAND (IN DO MESTIC OFFICES) > $250,000 THROUGH $500,000 (BANK U.S. OFC ONLY)"
RCON5584,"# LNS TO FIN AGR PRDT $100,000 OR LS (BANK U.S. OFC ONLY)"
RCON5585,"AMOUNT CURRENTLY OUTSTANDING OF LOANS TO FINANCE AGRICULTURAL PR ODUCTION AND OTHER LOANS TO FARMERS (IN DOMESTIC OFFICES) <= $10 0,000 (BANK U.S. OFC ONLY)"
RCON5586,"NO OF LOANS > $100,000 THRU $250,000 (BANK U.S. OFC ONLY)"
RCON5587,"AMOUNT CURRENTLY OUTSTANDING OF LOANS TO FARMERS (IN DOMESTIC OF FICES) > $100,000 THROUGH $250,000 (BANK U.S. OFC ONLY)"
RCON5588,"NO OF LOANS > $250,000 THRU $500,000 (BANK U.S. OFC ONLY)"
RCON5589,"AMOUNT CURRENTLY OUTSTANDING OF LOANS TO FARMERS (IN DOMESTIC OF FICES) > $250,000 THROUGH $500,000 (BANK U.S. OFC ONLY)"
RCON5590,PREFERRED DEPOSITS (REPORT FOR DECEMBER ONLY) (BANK U.S. OFC ONLY)
RCON5597,ESTIMATE OF UNINSURED DEPOSITS (BANK U.S. OFC ONLY)
RCON6643,CD'S >$100K IN DOM. OFF. > 12 MO (BANK U.S. OFC ONLY)
RCON9395,"CONSOLIDATION CODE - FFIEC 002 ONLY (1 = SINGLE OFFICE, > 1 = NU MBER OF US BANKING OFFICES CONSOLIDATED WITHIN SAME FROM DISTRIC T) (BANK U.S. OFC ONLY) (BANK U.S. OFC ONLY)"
RCONC040,"TOTAL TRANS ACCOUNTS - INDIVID, PRTNER, AND CORPS INCLUDE ALL CERT/OFF CHCKS: U.S. ADDRESSES (DOM) (BANK U.S. OFC ONLY)"
RCONC041,"TOTAL NONTRANS ACCTS - INDIVID, PRTNER, AND CORPS (INCLUDE ALL CERT/OFF CHCKS: U.S. ADDRESSEES (DOM) (BANK U.S. OFC ONLY)"
RCONC043,"TOTAL TRANS ACCTS -INDIVID, PRTNER, CORPS (INCLUDE ALL CERT/OFF CHCKS): NON-U.S. ADDRESSEES (DOMICILE) (BANK U.S. OFC ONLY)"
RCONC044,"TOTAL NONTRANS ACCOUNTS -INDIVID, PRTNER, CORPS (INCLUDE ALL CERT/OFF CHCKS): NON-U.S. ADDRESSEES (DOMICILE) (BANK U.S. OFC ONLY)"
RCONF045,AMOUNT OF RETIREMENT DEPOSIT ACCOUNTS OF $2500000 OR LESS (BANK U.S. OFC ONLY)
RCONF046,"NUMBER OF RETIREMENT DEPOSIT ACCOUNTS OF $250,000 OR LESS (BANK U.S. OFC ONLY)"
RCONF047,AMOUNT OF RETIREMENT DEPOSIT ACCOUNTS MORE THAN $2500000 (BANK U.S. OFC ONLY)
RCONF048,"NUMBER OF RETIREMENT DEPOSIT ACCOUNTS OF MORE THAN $250,000 (BANK U.S. OFC ONLY)"
RCONF049,"AMOUNT OF DEPOSIT ACCOUNTS $250,000 0R LESS (BANK U.S. OFC ONLY)"
RCONF050,"NUMBER OF DEPOSIT ACCOUNTS (EXCLUDING RETIREMENT ACCOUNTS)OF $250,000 OR LESS (BANK U.S. OFC ONLY)"
RCONF051,"AMOUNT OF DEPOSIT ACCOUNTS OF MORE THAN $250,000 (BANK U.S. OFC ONLY)"
RCONF052,"NUMBER OF DEPOSIT ACCOUNTS (EXCLUDING RETIREMENT ACCOUNTS) OF MORE THAN $250,000 (BANK U.S. OFC ONLY)"
RCONF233,"INDIVIDUAL RETIREMENT ACCTS (IRAS) AND KEOGH PLAN ACCTS INCLUDED IN MEMO ITEM 2.C, ""TOTAL TIME DEPSTS OF$100,000 OR MORE,"" ABOVE (BANK U.S. OFC ONLY)"
RCONLG27,Outstanding balance of Paycheck Protection Program (PPP) loans
RCONLL58,Quarterly average amount of holdings of assets purchased from money market funds under the Money Market Mutual Fund Liquidity Facility
RCONMT87,"SWEEP DEPOSITS: FULLY INSURED, AFFILIATE SWEEP DEPOSITS"
RCONMT89,"SWEEP DEPOSITS: NOT FULLY INSURED, AFFILIATE SWEEP DEPOSITS"
RCONMT91,"SWEEP DEPOSITS: FULLY INSURED, NON-AFFILIATE SWEEP DEPOSITS"
RCONMT93,"SWEEP DEPOSITS: NOT FULLY INSURED, NON-AFFILIATE SWEEP DEPOSITS"
RCONMT95,Total sweep deposits that are not brokered deposits
TEXT5598,1ST TEXT - OFF-BALANCE SHEET CONTINGENT LIABILITIES GE 1% OF TOT AL CLAIMS ON NONRELATED PARTIES (SEE ALSO TEXT4731)
TEXT5600,2ND TEXT - OFF-BALANCE SHEET CONTINGENT LIABILITIES GE 1% OF TOT AL CLAIMS ON NONRELATED PARTIES (SEE ALSO TEXT4734)
TEXT5601,O/BS 1% OF TOTAL CLAIMS ON NONRELATED PARTIES (SEE ALSO TEXT4737)
TEXT5604,1ST TEXT - OFF-BALANCE SHEET CONTINGENT CLAIMS (ASSETS) GE 1% OF TOTAL CLAIMS ON NONRELATED PARTIES
TEXT5605,2ND TEXT - OFF-BALANCE SHEET CONTINGENT CLAIMS (ASSETS) GE 1% OF TOTAL CLAIMS ON NONRELATED PARTIES
TEXT5606,3RD TEXT - OFF-BALANCE SHEET CONTINGENT CLAIMS (ASSETS) GE 1% OF TOTAL CLAIMS ON NONRELATED PARTIES
TEXTA539,1ST TEXT - OTHER ASSETS > 5% OF TOTAL ASSETS AND > 25% OF OTHER ASSETS
TEXTA540,2ND TEXT - OTHER ASSETS > 5% OF TOTAL ASSETS AND > 25% OF OTHER ASSETS
TEXTA541,3RD TEXT - OTHER ASSETS > 5% OF TOTAL ASSETS AND > 25% OF OTHER ASSETS
TEXTA542,2ND TEXT - OTHER LIABILITIES > 5% OF TOTAL LIABILITIES AND > 25% OF OTHER LIABILITIES
TEXTA543,2ND TEXT - OTHER LIABILITIES > 5% OF TOTAL LIABILITIES AND > 25% OF OTHER LIABILITIES
TEXTA544,3RD TEXT - OTHER LIABILITIES > 5% OF TOTAL LIABILITIES AND > 25% OF OTHER LIABILITIES
TEXTG546,1ST GT  $100K 25% OTHR MEASURE FV RCR
TEXTG551,2ND GT  $100K 25% OTHR MEASURE FV RCR
TEXTG556,3RD GT  $100K 25% OTHR MEASURE FV RCR
TEXTG561,4TH GT  $100K 25% OTHR MEASURE FV RCR
TEXTG571,1ST GT  $100K 25% OTHR LIAB FV
TEXTG576,2ND GT  $100K 25% OTHR LIAB FV
TEXTG581,3RD GT  $100K 25% OTHR LIAB FV
TEXTG586,4TH GT  $100K 25 PCT OTHR LIAB FV
